Klaus Augenthaler;DE
Michael Ballack;DE
Frank Baumann;DE
Franz Beckenbauer;DE
Uwe Bein;DE
Thomas Berthold;DE
Oliver Bierhoff;DE
Fredi Bobic;DE
Andreas Brehme;DE
Paul Breitner;DE
Hans-Peter Briegel;DE
Guido Buchwald;DE
Edmund Conen;DE
Sebastian Deisler;DE
Bernard Dietz;DE
Horst Eckel;DE
Karl-Heinz Förster;DE
Paul Freier;DE
Arne Friedrich;DE
Torsten Frings;DE
Lothar Emmerich;DE
Fabian Ernst;DE
Rudolf Gellesch;DE
Ludwig Goldbrunner;DE
Dietmar Hamann;DE
Thomas Häßler;DE
Siegfried Held;DE
Thomas Helmer;DE
Jupp Heynckes;DE
Dieter Hoeneß;DE
Uli Hoeneß;DE
Bernd Hölzenbein;DE
Horst Hrubesch;DE
Bodo Illgner;DE
Paul Janes;DE
Hans Jakob;DE
Jens Jeremies;DE
Oliver Kahn;DE
Manfred Kaltz;DE
Sebastian Kehl;DE
Albin Kitzinger;DE
Jürgen Klinsmann;DE
Jürgen Kohler;DE
Andreas Köpke;DE
Karl-Heinz Körbel;DE
Willibald Kress;DE
Stefan Kuntz;DE
Andreas Kupfer;DE
Kevin Kuranyi;DE
Philipp Lahm;DE
Jens Lehmann;DE
Ernst Lehner;DE
Stan Libuda;DE
Werner Liebrich;DE
Pierre Littbarski;DE
Felix Magath;DE
Karl Mai;DE
Sepp Maier;DE
Lothar Matthäus;DE
Martin Max;DE
Thomas Meggle;DE
Andreas Möller;DE
Max Morlock;DE
Gerd Müller;DE
Reinhold Münzenberg;DE
Günter Netzer;DE
Oliver Neuville;DE
Jens Nowotny;DE
Wolfgang Overath;DE
Nico Patschinski;DE
Jupp Posipal;DE
Christian Rahn;DE
Helmut Rahn;DE
Carsten Ramelow;DE
Willi Reimann;DE
Stefan Reuter;DE
Karl-Heinz Riedle;DE
Karl-Heinz Rummenigge;DE
Bernd Schuster;DE
Otto Siffling;DE
Hans Schäfer;DE
Björn Schlicke;DE
Edgar Schmitt;DE
Bernd Schneider;DE
Karl-Heinz Schnellinger;DE
Mehmet Scholl;DE
Helmut Schön;DE
Harald Schumacher;DE
Georg Schwarzenbeck;DE
Uwe Seeler;DE
Joachim Streich;DE
Fritz Szepan;DE
Bert Trautmann;DE
Toni Turek;DE
Adolf Urban;DE
Berti Vogts;DE
Rudi Völler;DE
Ottmar Walter;DE
Fritz Walter;DE
Christian Wörns;DE
Franz Binder;AT
Ernst Happel;AT
Hans Krankl;AT
Anton Polster;AT
Andreas Herzog;AT
Matthias Sindelar;AT
Andrés D'Alessandro;AR
Gabriel Batistuta;AR
Rodolfo Esteban Cardoso;AR
Matías Cenci;AR
Emanuel Centurión;AR
Hernán Crespo;AR
Martín Demichelis;AR
Juan Ramón Fernández;AR
Diego Fernando Klimowicz;AR
Cristián Raúl Ledesma;AR
Diego Armando Maradona;AR
Juan Carlos Menseguez;AR
Aníbal Samuel Matellán;AR
Diego Rodolfo Placente;AR
Pablo Quatrocchi;AR
Bernardo Romeo;AR
Ailton;BR
Cafu Marcos Evangelista de Moraes;BR
Roberto Carlos;BR
Leonidas da Silva;BR
Didi;BR
Pelé;BR
Rivaldo;BR
Ronaldo Luiz Nazario de Lima;BR
Zico;BR
Tony Adams;GB
David Beckham;GB
George Best;GB
Steve Bloomer;GB
Bobby Charlton;GB
Paul Gascoigne;GB
Geoff Hurst;GB
Gary Lineker;GB
Michael Owen;GB
David Seaman;GB
Alan Shearer;GB
Nobby Stiles;GB
Demetrio Albertini;IT
Roberto Baggio;IT
Franco Baresi;IT
Giacinto Facchetti;IT
Paolo Maldini;IT
Giuseppe Signori;IT
Gianluca Vialli;IT
Dino Zoff;IT
Fabien Barthez;FR
Laurent Blanc;FR
Eric Cantona;FR
Thierry Henry;FR
Johan Micoud;FR
Michel Platini;FR
Zinedine Zidane;FR
Marco van Basten;NL
Dennis Bergkamp;NL
Johan Cruyff;NL
Ruud Gullit;NL
Patrick Kluivert;NL
Ruud van Nistelrooy;NL
Frank Rijkaard;NL
Rafael van der Vaart;NL
Oleg Blochin;SU
Zbigniew Boniek;PL
József Bozsik;HU
Emilio Butragueño;ES
Jose Luis Chilavert;PY
Eusebio;PT
Luis Figo Luis Filipe Madeira Caeiro;PT
Lew Jaschin;SU
Roy Keane;IE
Henrik Larsson;SE
Roger Milla;CM
Pavel Nedved;CZ
Ferenc Puskas;HU
Petar Radenkovic;YU
Thomas Rosicky;CZ
Hugo Sanchez;MX
Peter Schmeichel;DK
Alexander Schewschenko;UA
Hakan Sükür;TR
Andoni Zubizarreta;ES
Martin Frýdek;CZ
Miroslav Kadlec;CZ
Pavel Kuka;CZ
Radoslav Látal;CZ
Jiří Němec;CZ
Václav Němeček;CZ
Jiří Novotný;CZ
Karel Poborský;CZ
Tomáš Řepka;CZ
Petr Samec;CZ
Horst Siegl;CZ
Daniel Šmejkal;CZ
Jan Stejskal;CZ
Jan Suchopárek;CZ
Roman Vonášek;CZ
Petr Kouba;CZ
Luboš Kubík;CZ
Marek Poštulka;CZ
Tomáš Skuhravý;CZ
Martin Kotůlek;CZ
Pavel Nedvěd;CZ
Patrik Berger;CZ
Petr Veselý;CZ
Ivan Hašek;CZ
Pavel Srníček;CZ
Michal Bílek;CZ
Pavel Hapal;CZ
Günter Bittengel;CZ
Petr Gabriel;CZ
Tomáš Galásek;CZ
René Wagner;CZ
Radek Bejbl;CZ
Radek Drulák;CZ
Michal Horňák;CZ
Jiří Lerch;CZ
Radim Nečas;CZ
Jiří Vávra;CZ
Vratislav Lokvenc;CZ
Vladimír Šmicer;CZ
Miroslav Baranek;CZ
Radovan Hromádko;CZ
Luboš Kozel;CZ
Edvard Lasota;CZ
Ladislav Maier;CZ
Jaromír Navrátil;CZ
Josef Obajdin;CZ
Karel Rada;CZ
Robert Vágner;CZ
Milan Kerbr;CZ
Pavel Novotný;CZ
Richard Dostálek;CZ
Petr Křivánek;CZ
Zdeněk Svoboda;CZ
Pavel Verbíř;CZ
Martin Čížek;CZ
Martin Hašek;CZ
Oldřich Machala;CZ
Luděk Mikloško;CZ
Radek Slončík;CZ
Marek Zúbek;CZ
Petr Vlček;CZ
Karel Vácha;CZ
Ivo Ulich;CZ
Milan Fukal;CZ
Tomáš Poštulka;CZ
Tomáš Votava;CZ
Martin Lukeš;CZ
Pavel Horváth;CZ
Jan Koller;CZ
Marek Nikl;CZ
Libor Sionko;CZ
Jan Polák;CZ
Roman Týce;CZ
Radek Černý;CZ
Marek Jankulovski;CZ
Michal Kolomazník;CZ
Erich Brabec;CZ
Stanislav Vlček;CZ
Marek Kincl;CZ
Tomáš Rosický;CZ
Jaromír Blažek;CZ
Lukáš Došek;CZ
René Bolf;CZ
Marek Heinz;CZ
Jiří Jarošík;CZ
Tomáš Ujfaluši;CZ
Milan Baroš;CZ
Petr Johana;CZ
Zdeněk Grygera;CZ
Jan Velkoborský;CZ
Luděk Stracený;CZ
Tomáš Hübschman;CZ
Petr Čech;CZ
Pavel Mareš;CZ
Václav Koloušek;CZ
Martin Vaniak;CZ
Jiří Štajner;CZ
Adam Petrouš;CZ
Antonín Kinský;CZ
Miroslav Holeňák;CZ
Štěpán Vachoušek;CZ
Antonín Mlejnský;CZ
Aleš Pikl;CZ
Tomáš Došek;CZ
Martin Jiránek;CZ
Jan Šimák;CZ
Patrik Gedeon;CZ
Petr Voříšek;CZ
Rudolf Skácel;CZ
David Rozehnal;CZ
Václav Drobný;CZ
Jaroslav Plašil;CZ
Radoslav Kováč;CZ
Tomáš Jun;CZ
Lukáš Zelenka;CZ
Zdeněk Pospěch;CZ
Tomáš Sivok;CZ
David Jarolím;CZ
Karel Piták;CZ
Roman Bednář;CZ
Marek Kulič;CZ
Tomáš Zápotočný;CZ
David Lafata;CZ
Marek Čech;CZ
Radek Šírl;CZ
Daniel Pudil;CZ
Marek Matějovský;CZ
Martin Fenin;CZ
Michal Kadlec;CZ
Jiří Kladrubský;CZ
Daniel Zítka;CZ
Marek Střeštík;CZ
Václav Svěrkoš;CZ
Michal Papadopulos;CZ
Jan Rajnoch;CZ
Miroslav Slepička;CZ
Tomáš Necid;CZ
Jaroslav Drobný;CZ
Luboš Hušek;CZ
Tomáš Marek;CZ
Jaroslav Černý;CZ
Martin Fillo;CZ
Tomáš Grigar;CZ
Roman Hubník;CZ
Martin Klein;CZ
Daniel Kolář;CZ
David Limberský;CZ
Lukáš Magera;CZ
Jan Šimůnek;CZ
Zdeněk Zlámal;CZ
Adam Hloušek;CZ
Jan Blažek;CZ
Mario Lička;CZ
Michal Švec;CZ
Mario Holek;CZ
Ondřej Kušnír;CZ
Jan Morávek;CZ
Milan Černý;CZ
Ondřej Mazuch;CZ
Tomáš Pekhart;CZ
Marek Suchý;CZ
Václav Kadlec;CZ
Milan Petržela;CZ
Michal Hubník;CZ
Jan Rezek;CZ
Theodor Gebre Selassie;CZ
Petr Janda;CZ
Václav Pilař;CZ
Petr Trapp;CZ
Kamil Vacek;CZ
Marcel Gecov;CZ
Petr Jiráček;CZ
Jan Laštůvka;CZ
František Rajtoral;CZ
Vladimír Darida;CZ
Josef Hušbauer;CZ
Matěj Vydra;CZ
Bořek Dočkal;CZ
Tomáš Hořava;CZ
Tomáš Kalas;CZ
Libor Kozák;CZ
Ladislav Krejčí;CZ
Martin Latka;CZ
Michal Ordoš;CZ
Martin Pospíšil;CZ
Tomáš Vaclík;CZ
Stanislav Tecl;CZ
Václav Procházka;CZ
Michael Rabušic;CZ
Ondřej Vaněk;CZ
Ondřej Čelůstka;CZ
Josef Šural;CZ
Harutyun Abrahamyan;AM
Karlen Abramov;AM
Armen Adamyan;AM
Artur Adamyan;AM
Vardan Adzemian;AM
Arkadi Akopyan;AM
Andrey Akopyants;AM
Karen Aleksanyan;AM
Valeri Aleksanyan;AM
Artak Aleksanyan;AM
Armen Ambartsumyan;AM
Arkady Andreasyan;AM
Ararat Arakelyan;AM
Can Arat;AM
Robert Arzumanyan;AM
Éric Assadourian;AM
Rudolf Atamalyan;AM
Garnik Avalyan;AM
Arsen Avetisyan;AM
Mayis Azizyan;AM
Armen Babalaryan;AM
Artashes Baghdasaryan;AM
Arsen Balabekyan;AM
Henrik Batikyan;AM
Pascal Bedrossian;AM
Narek Beglaryan;AM
Roman Berezovsky;AM
Edmond Bezik;AM
Alain Boghossian;AM
Joaquín Boghossian;AM
Efrain Chacurian;AM
Artak Dashyan;AM
Hovhannes Demirchyan;AM
Michel Der Zakarian;AM
Karen Dokhoyan;AM
Hagob Donabedian;AM
Eduard Eranosyan;AM
Nshan Erzrumyan;AM
Sergey Erzrumyan;AM
Alecko Eskandarian;AM
Andranik Eskandarian;AM
Poghos Galstyan;AM
Vahan Gevorgyan;AM
Tigran Gharabaghtsyan;AM
Alexis Gharibian;AM
Wartan Ghazarian;AM
Gevorg Ghazaryan;AM
Stepan Ghazaryan;AM
Hovhannes Goharyan;AM
Artak Grigoryan (footballer born 1987);AM
David Grigoryan;AM
David G. Grigoryan;AM
Razmik Grigoryan;AM
Ara Hakobyan;AM
Aram Hakobyan;AM
Felix Hakobyan;AM
Stepan Hakobyan;AM
Florin Halagian;AM
Hovhannes Hambardzumyan;AM
Vigen Hambardzumyan;AM
Ararat Harutyunyan;AM
Hovhannes Harutyunyan;AM
Rafael Harutyunyan;AM
Aghvan Hayrapetyan;AM
Albert Hovakimyan;AM
Edward Hovhannisyan;AM
Garnik Hovhannisyan;AM
Harutyun Hovhannisyan;AM
Khoren Hovhannisyan;AM
Roman Hovhannisyan;AM
Sargis Hovhannisyan;AM
Zhora Hovhannisyan;AM
Aram Hovsepyan;AM
Sargis Hovsepyan;AM
Khoren Kalashyan;AM
Eduard Kakosyan;AM
Manuk Kakosyan;AM
Artashes Kalaydzhan;AM
Arman Karamyan;AM
Artavazd Karamyan;AM
Gevorg Karapetyan;AM
Harut Karapetyan;AM
Sargis Karapetyan;AM
Sargis Karapetyan (footballer born 1990);AM
Brayndion Kardashian;AM
Gevorg Kasparov;AM
Vahram Kevorkian;AM
Ara E. Khachatryan;AM
Artak Khachatryan;AM
Ashot Khachatryan;AM
Romik Khachatryan;AM
Vardan Khachatryan;AM
Artem Khachaturov;AM
Andrey Khachaturyan;AM
Felix Khojoyan;AM
Barsegh Kirakosyan;AM
Yervand Krbachyan;AM
Narek Machkalyan;AM
Karen Makaryan;AM
Edgar Malakyan;AM
Mihran Manasyan;AM
David Manoyan;AM
Beniamin Manucharyan;AM
Edgar Manucharyan;AM
Eduard Markarov;AM
Robert Markosi;AM
Mauro Guevgeozián;AM
Vahe Mehrabyan;AM
Grigor Meliksetyan;AM
Yegishe Melikyan;AM
Samvel Melkonyan;AM
Karapet Mikaelyan;AM
Arthur Minasyan;AM
Vahagn Minasyan;AM
Vardan Minasyan;AM
Alexander Mirzoyan;AM
Hamlet Mkhitaryan;AM
Henrik Mkhitaryan;AM
Hrayr Mkoyan;AM
Aghvan Mkrtchyan;AM
Arthur Mkrtchyan;AM
Hayk Mkrtchyan;AM
Karlen Mkrtchyan;AM
Rafael Mkrtchyan;AM
Martik Mkrtumyan;AM
Andrey Movsisyan;AM
Sargis Movsisyan;AM
Yura Movsisyan;AM
Semion Muradyan;AM
Rafael Nazaryan;AM
Ara Nigoyan;AM
Aras Ozbiliz;AM
Levon Pachajyan;AM
Arsen Papikyan;AM
Eduard Partsikyan;AM
Armenak Petrosyan;AM
Arthur Petrosyan;AM
Galust Petrosyan;AM
Nazar Petrosyan;AM
Tigran Petrosyan (footballer);AM
Rafael Safaryan;AM
Norayr Sahakyan;AM
Nikolay Sargsyan;AM
Suren Sargsyan;AM
Eduard Sarkisov;AM
Vyacheslav Sarkisov;AM
Albert Sarkisyan;AM
Armen Shahgeldyan;AM
Gagik Simonyan;AM
Mikheil Simonyan;AM
Nikita Simonyan;AM
Arthur Stepanyan;AM
Kalin Stepanyan;AM
Levon Stepanyan;AM
Zhora Stepanyan;AM
Varuzhan Sukiasyan;AM
Yervand Sukiasyan;AM
Alexander Tadevosyan;AM
Vahe Tadevosyan;AM
Hovhannes Tahmazyan;AM
Frédéric Tatarian;AM
Serjik Teymourian;AM
Armen Tigranyan;AM
Arman Tovmasyan;AM
Harutyun Vardanyan;AM
Eduard Veranyan;AM
Khoren Veranyan;AM
Aram Voskanyan;AM
Arthur Voskanyan;AM
Hiraç Yagan;AM
Yeghia Yavruyan;AM
Artak Yedigaryan;AM
Arthur Yedigaryan;AM
Aramais Yepiskoposyan;AM
Tigran Yesayan;AM
Arthur Yuspashyan;AM
Oganes Zanazanyan;AM
Robert Zebelyan;AM
Jan Ceulemans;BE
Timmy Simons;BE
Eric Gerets;BE
Franky Van der Elst;BE
Enzo Scifo;BE
Paul Van Himst;BE
Bart Goor;BE
Georges Grün;BE
Daniel Van Buyten;BE
Lorenzo Staelens;BE
Marc Wilmots;BE
Vic Mees;BE
Georges Heylens;BE
Jef Jurion;BE
Jean-Marie Pfaff;BE
Marc Degryse;BE
Frank Vercauteren;BE
Bernard Voorhoof;BE
Michel Preud'homme;BE
Éric Deflandre;BE
Émile Mpenza;BE
Wilfried Van Moer;BE
Louis Carré;BE
Vincent Kompany;BE
Jef Mermans;BE
Mbo Mpenza;BE
Luc Nilis;BE
Michel Renquin;BE
Wesley Sonck;BE
Danny Boffin;BE
Moussa Dembélé;BE
Raymond Braine;BE
Jan Vertonghen;BE
Armand Swartenbroeks;BE
René Vandereycken;BE
Gert Verheyen;BE
Wilfried Puis;BE
Pol Anoul;BE
Pierre Hanon;BE
Erwin Vandenbergh;BE
Yves Vanderhaeghe;BE
Rik Coppens;BE
Ludo Coeck;BE
Walter Meeuws;BE
Marouane Fellaini;BE
Pierre Braine;BE
Swa Van der Elst;BE
Thomas Vermaelen;BE
Geert De Vlieger;BE
Axel Witsel;BE
Michel De Wolf;BE
Torreke Lemberechts;BE
Nico Van Kerckhoven;BE
Philippe Albert;BE
Robert Paverick;BE
Lei Clijsters;BE
Steven Defour;BE
Eden Hazard;BE
Kevin Mirallas;BE
Christian Piot;BE
Jean Nicolay;BE
Philippe Clement;BE
Stéphane Demol;BE
Alfons Van Brandt;BE
Paul Van Den Berg;BE
Marc Emmers;BE
Florimond Van Halme;BE
Nico Claesen;BE
Glen De Boeck;BE
Johan Walem;BE
Thomas Buffel;BE
Julien Cools;BE
Jean Dockx;BE
Luc Millecamps;BE
Léon Semmeling;BE
Arnold Badjou;BE
Jean Capelle;BE
Nicolaas Hoydonckx;BE
Jean Thissen;BE
Eric Van Meir;BE
Désiré Bastin;BE
Jan De Bie;BE
Filip De Wilde;BE
Nico Dewalque;BE
Raoul Lambert;BE
Martin Lippens;BE
Rie Meert;BE
Jean Plaskie;BE
Rudi Smidts;BE
Jan Verheyen;BE
Louis Versyp;BE
Jacques Stockman;BE
Erwin Vandendaele;BE
Patrick Vervoort;BE
Alexandre Czerniatynski;BE
Marcel Dries;BE
Luis Oliveira Barroso;BE
Emile Stijnen;BE
Jelle Van Damme;BE
Stijn Stijnen;BE
Toby Alderweireld;BE
Henri Diricx;BE
August Hellemans;BE
Bruno Versavel;BE
Walter Baseggio;BE
Bertrand Crasson;BE
Denis Houf;BE
Philippe Léonard;BE
Maurice Martens;BE
Dirk Medved;BE
Stanley Vanden Eynde;BE
Gilles De Bilde;BE

Petar Miloševski;MK
Tome Pačovski;MK
Jane Nikolovski;MK
Dančo Celeski;MK
Martin Bogatinov;MK
Edin Nuredinoski;MK
Antonio Filevski;MK
Gogo Jovčev;MK
Goce Grujovski;MK
Kire Trajčev;MK
Saša Ilić;MK
Oka Nikolov;MK
Muarem Zekir;MK
Filip Madžovski;MK
Zoran Micevski;MK
Kristijan Naumovski;MK
Ljupčo Kmetovski;MK
Darko Tofiloski;MK
Goce Sedloski;MK
Igor Mitreski;MK
Nikolče Noveski;MK
Goran Popov;MK
Igor Nikolovski;MK
Vlade Lazarevski;MK
Goran Stavrevski;MK
Aleksandar Vasoski;MK
Vanče Šikov;MK
Boban Grnčarov;MK
Robert Petrov;MK
Ljupčo Markovski;MK
Zoran Jovanovski;MK
Mitko Stojkovski;MK
Milan Stojanoski;MK
Daniel Mojsov;MK
Boban Babunski;MK
Dragan Veselinovski;MK
Robert Popov;MK
Daniel Georgievski;MK
Igor Gjuzelov;MK
Vasko Božinovski;MK
Aleksandar Lazevski;MK
Aleksandar Todorovski;MK
Stefan Ristovski;MK
Ilija Najdoski;MK
Marjan Gerasimovski;MK
Dimitar Kapinkovski;MK
Panče Ḱumbev;MK
Ljubodrag Milošević;MK
Miroslav Vajs;MK
Risto Milosavov;MK
Sašo Zdravevski;MK
Vujadin Stanojković;MK
Kire Grozdanov;MK
Zekirija Ramadan;MK
Aguinaldo Braga;MK
Dejan Dimitrovski;MK
Čedomir Janevski;MK
Sašo Karadžov;MK
Husein Beganović;MK
Sašo Janev;MK
Igor Nikolaevski;MK
Svetozar Stankovski;MK
Nikola Tanušev;MK
Daniel Ivanovski;MK
Borče Jovanovski;MK
Nikola Karčev;MK
Igor Kralevski;MK
Igorče Stojanov;MK
Yani Urdinov;MK
Shkumbin Arsllani;MK
Vladimir Dimitrovski;MK
Ilir Elmazovski;MK
Goran Georgievski;MK
Goran Hristovski;MK
Goran Jovanovski;MK
Darko Krsteski;MK
Marjan Nikolov;MK
Dragan Siljanovski;MK
Goran Stanić;MK
Darko Glišić;MK
Ezgjan Alioski;MK
Esad Čolaković;MK
Toni Jakimovski;MK
Vančo Kostov;MK
Blagoja Milevski;MK
Vlatko Novakov;MK
Panče Ristevski;MK
Perica Stančeski;MK
Metodija Stepanovski;MK
Jordančo Stojmenovski;MK
Zlatko Tanevski;MK
Vlado Trifunov;MK
Mite Cikarski;MK
Vladica Brdarovski;MK
Tome Kitanovski;MK
Sedat Berisha;MK
Blagoja Ljamcevski;MK
Kire Ristevski;MK
Bojan Markoski;MK
Veliče Šumulikoski;MK
Artim Šakiri;MK
Vlatko Grozdanoski;MK
Darko Tasevski;MK
Toni Mičevski;MK
Vančo Trajanov;MK
Žarko Serafimovski;MK
Aleksandar Mitreski;MK
Nedžmedin Memedi;MK
Igor Jančevski;MK
Dževdet Šainovski;MK
Goran Lazarevski;MK
Srgjan Zaharievski;MK
Mile Krstev;MK
Vlatko Gošev;MK
Muhamed Demiri;MK
Slavčo Georgievski;MK
Goce Toleski;MK
Filip Despotovski;MK
Nikola Gligorov;MK
Viktor Trenevski;MK
Panče Stojanov;MK
Mario Gjurovski;MK
Artim Položani;MK
Stojan Ignatov;MK
Sašo Lazarevski;MK
Sašo Miloševski;MK
Dragan Kanatlarovski;MK
Armend Alimi;MK
Ostoja Stjepanović;MK
Rade Karanfilovski;MK
Toni Savevski;MK
Boško Gjurovski;MK
Blaže Georgioski;MK
Nebi Mustafi;MK
Vančo Trajčev;MK
Marjan Stojkovski;MK
Toni Naumovski;MK
Ilčo Borov;MK
Blaže Georgioski;MK
Dančo Masev;MK
Muarem Muarem;MK
Stefan Spirovski;MK
Toni Banduliev;MK
Gorančo Georgiev;MK
Ilami Halimi;MK
Borče Manevski;MK
Jovica Trajčev;MK
Vulnet Emini;MK
Goce Markovski;MK
Toni Meglenski;MK
Zoran Vasevski;MK
Nikolče Zdravevski;MK
Predrag Ranđelović;MK
David Babunski;MK
Almir Bajramovski;MK
Naum Batkoski;MK
Blagoja Dimitrov;MK
Zlatko Todorovski;MK
Borislav Tomovski;MK
Erol Topčiu;MK
Dejan Blaževski;MK
Muharem Bajrami;MK
Bobi Božinovski;MK
Ertan Demiri;MK
Gilson;MK
Gligor Gligorov;MK
Muhamed Huseini;MK
Agron Memedi;MK
Dejan Milošeski;MK
Denis Trajkovski;MK
Nderim Nedžipi;MK
Ivan Mitrov;MK
Riste Markoski;MK
Goran Pandev;MK
Gjorgji Hristov;MK
Goran Maznov;MK
Ilčo Naumoski;MK
Aco Stojkov;MK
Ivan Tričkovski;MK
Saša Ćirić;MK
Agim Ibraimi;MK
Mirko Ivanovski;MK
Ferhan Hasani;MK
Argjend Beqiri;MK
Stevica Ristić;MK
Zoran Boškovski;MK
Dragan Dimitrovski;MK
Dragan Načevski;MK
Aleksandar Trajkovski;MK
Vančo Micevski;MK
Dušan Savić;MK
Miroslav Ǵokić;MK
Filip Ivanovski;MK
Dragan Čadikovski;MK
Besart Ibraimi;MK
Zoran Miserdovski;MK
Samir Fazli;MK
Adis Jahović;MK
Jovan Kostovski;MK
Darko Pančev;MK
Blaže Ilioski;MK
Sašo Krstev;MK
Risto Božinov;MK
Arbën Nuhiji;MK
Jurica Siljanoski;MK
Aleksandar Bajevski;MK
Ardijan Nuhiji;MK
Dejvi Glavevski;MK
Zoran Baldovaliev;MK
Goran Petreski;MK
Goran Stankovski;MK
Bajram Fetai;MK
Milko Gjurovski;MK
Ivica Gligorovski;MK
Ismail Ismaili;MK
Dejan Ristovski;MK
Dragan Gjorgiev;MK
Hristijan Kirovski;MK
Mensur Kurtisi;MK
Riste Naumov;MK
Angelko Panov;MK
Muzafer Ejupi;MK
Marko Simonovski;MK
Krste Velkoski;MK
Harry Adams;GB
Mark Aizlewood;GB
Ivor Allchurch;GB
Len Allchurch;GB
Bryn Allen;GB
Joe Allen;GB
Malcolm Allen;GB
Smart Arridge;GB
Dai Astley;GB
Bobby Atherton;GB
William Bailiff;GB
Billy Baker;GB
Colin Baker;GB
Gareth Bale;GB
Tommy Bamford;GB
Darren Barnard;GB
Walley Barnes;GB
Thomas Bartley;GB
Archie Bastock;GB
Harry Beadles;GB
William Bell;GB
Craig Bellamy;GB
Ray Bennion;GB
George Berry;GB
Clayton Blackmore;GB
Darcy Blake;GB
Nathan Blake;GB
Horace Blew;GB
Thomas Boden;GB
Paul Bodin;GB
Les Boulter;GB
Ernie Bowdler;GB
Jack Bowdler;GB
Dave Bowen;GB
Edward Bowen;GB
Jason Bowen;GB
Mark Bowen;GB
Stan Bowsher;GB
Terry Boyle;GB
Mark Bradley;GB
Thomas Britten;GB
Samuel Brookes;GB
Arthur Brown;GB
Jason Brown;GB
Marcus Browning;GB
Thomas Bryan;GB
Thomas Buckland;GB
Ron Burgess;GB
Tom Burke;GB
Thomas Burnett;GB
Ollie Burton;GB
Jack Butler;GB
William Butler;GB
Les Cartwright;GB
John Challen;GB
Tom Chapman;GB
Jeremy Charles;GB
John Charles;GB
Mel Charles;GB
Simon Church;GB
Roy Clarke;GB
Chris Coleman;GB
Dai Collier;GB
Danny Collins;GB
Elvet Collins;GB
James Collins;GB
Jack Collison;GB
Charles Conde;GB
Fred Cook;GB
John Cornforth;GB
David Cotterill;GB
Danny Coyne;GB
Andrew Crofts;GB
Wynne Crompton;GB
Edwin Cross;GB
Knyvett Crosse;GB
Mark Crossley;GB
Vic Crowe;GB
Horace Cumner;GB
Alan Curtis;GB
Ernie Curtis;GB
Ray Daniel;GB
Sydney Darvell;GB
Alan Davies;GB
Albert Davies;GB
Alfred Davies;GB
Alfred Davies;GB
Arron Davies;GB
Arthur Davies;GB
Billy Davies;GB
Craig Davies;GB
Cyril Davies;GB
Dai Davies;GB
Dai Davies;GB
David Davies;GB
David Davies;GB
Gareth Davies;GB
Gordon Davies;GB
Hywel Davies;GB
Idwal Davies;GB
James Davies;GB
Joe Davies;GB
Joe Davies;GB
John Davies;GB
John Davies;GB
John Davies;GB
Len Davies;GB
Llewelyn Davies;GB
Lloyd Davies;GB
Oswald Davies;GB
Reg Davies;GB
Robert Davies;GB
Robert Davies;GB
Robert Davies;GB
Ron Davies;GB
Simon Davies;GB
Simon Davies;GB
Stan Davies;GB
Thomas Davies;GB
Thomas Davies;GB
Walter Davies;GB
William Davies;GB
William Davies;GB
Willie Davies;GB
Wyn Davies;GB
Walter Davis;GB
Alfred Day;GB
Nick Deacy;GB
Don Dearson;GB
Mark Delaney;GB
Steve Derrett;GB
Fred Dewey;GB
Andy Dibble;GB
Andy Dorman;GB
Jack Doughty;GB
Roger Doughty;GB
Richard Duffy;GB
Alan Durban;GB
Phil Dwyer;GB
Neal Eardley;GB
Robert Earnshaw;GB
Jermaine Easter;GB
Freddy Eastwood;GB
Charles Edwards;GB
Christian Edwards;GB
David Edwards;GB
George Edwards;GB
Henry Edwards;GB
Ian Edwards;GB
Jack Edwards;GB
Jim Edwards;GB
John Edwards;GB
Robert Edwards;GB
Rob Edwards;GB
Tom Edwards;GB
Trevor Edwards;GB
William Egan;GB
Ben Ellis;GB
Emrys Ellis;GB
John Emanuel;GB
Mike England;GB
Bob Evans;GB
Brian Evans;GB
Ched Evans;GB
Dai Evans;GB
Herbie Evans;GB
Ian Evans;GB
Jack Evans;GB
Jimmy Evans;GB
John Evans;GB
Len Evans;GB
Maurice Evans;GB
Paul Evans;GB
Robert Evans;GB
Roger Evans;GB
Roy Evans;GB
Steve Evans;GB
Tom Evans;GB
Walter Evans;GB
William Evans;GB
Willie Evans;GB
Edward Evelyn;GB
John Eyton-Jones;GB
George Farmer;GB
David Felgate;GB
Dick Finnigan;GB
Carl Fletcher;GB
Brian Flynn;GB
Trevor Ford;GB
Billy Foulkes;GB
Hugh Foulkes;GB
William Foulkes;GB
Jack Fowler;GB
Roger Freestone;GB
Danny Gabbidon;GB
Glyn Garner;GB
Jack Garner;GB
Ryan Giggs;GB
David Giles;GB
Sam Gillam;GB
George Glascodine;GB
Pat Glover;GB
George Godding;GB
Brian Godfrey;GB
Uriah Goodwin;GB
Jeremy Goss;GB
Richard Gough;GB
Bert Gray;GB
Colin Green;GB
George Green;GB
Ryan Green;GB
William Green;GB
Daniel Grey;GB
Arfon Griffiths;GB
Fred Griffiths;GB
George Griffiths;GB
Harry Griffiths;GB
Llewelyn Griffiths;GB
Mal Griffiths;GB
Peter Griffiths;GB
Phil Griffiths;GB
Tom Griffiths;GB
Chris Gunter;GB
Gareth Hall;GB
Jack Hallam;GB
Harry Hanford;GB
Alan Harrington;GB
Bill Harris;GB
Carl Harris;GB
William Harrison;GB
John Hartson;GB
Simon Haworth;GB
Abel Hayes;GB
Terry Hennessey;GB
Wayne Hennessey;GB
Malcolm Hersee;GB
Richard Hersee;GB
Ron Hewitt;GB
Tom Hewitt;GB
Dennis Heywood;GB
Harry Hibbott;GB
George Higham;GB
Mick Hill;GB
Trevor Hockey;GB
Frank Hoddinott;GB
Glyn Hodges;GB
Bert Hodgkinson;GB
Andy Holden;GB
Barrie Hole;GB
Billy Hole;GB
Dave Hollins;GB
Idris Hopkins;GB
Jeff Hopkins;GB
Mel Hopkins;GB
Barry Horne;GB
Edmund Howell;GB
Ron Howells;GB
Ron Hugh;GB
Abel Hughes;GB
Arthur Hughes;GB
Billy Hughes;GB
Billy Hughes;GB
Billy Hughes;GB
Ceri Hughes;GB
Edwin Hughes;GB
Frederick Hughes;GB
Iorwerth Hughes;GB
John Hughes;GB
John Hughes;GB
John Hughes;GB
Mark Hughes;GB
Percy Hughes;GB
Ted Hughes;GB
Jack Humphreys;GB
Reuben Humphreys;GB
Alexander Hunter;GB
Kenny Jackett;GB
William Jackson;GB
Edwin James;GB
Glyn James;GB
Leighton James;GB
Robbie James;GB
Wilf James;GB
Richard Jarrett;GB
Alan Jarvis;GB
Eddie Jenkins;GB
Jack Jenkins;GB
Steve Jenkins;GB
Thomas Jenkins;GB
Caesar Jenkyns;GB
Billy Jennings;GB
Bob John;GB
Roy John;GB
Andy Johnson;GB
Michael Johnson;GB
Albert Jones;GB
Albert Jones;GB
Alexander Jones;GB
Andy Jones;GB
Barrie Jones;GB
Bryn Jones;GB
Charlie Jones;GB
Cliff Jones;GB
David Jones;GB
David Jones;GB
Di Jones;GB
Ernie Jones;GB
Evan Jones;GB
Frederick Jones;GB
Fred Jones;GB
Gordon Jones;GB
Hugh Jones;GB
Humphrey Jones;GB
Ivor Jones;GB
Jack Jones;GB
Jeffrey Jones;GB
Jimmy Jones;GB
Joe Jones;GB
Joey Jones;GB
John Jones;GB
John Jones;GB
Keith Jones;GB
Lee Jones;GB
Leslie Jones;GB
Lot Jones;GB
Love Jones;GB
Mark Jones;GB
Matt Jones;GB
Owen Jones;GB
Paul Jones;GB
Ralph Jones;GB
Richard Jones;GB
Richard Jones;GB
Richard Jones;GB
Richard Jones;GB
Robert Jones;GB
Ryan Jones;GB
Samuel Jones;GB
Samuel Jones;GB
Thomas Jones;GB
Thomas Jones;GB
Thomas Jones;GB
Thomas Jones;GB
Vinnie Jones;GB
Wayne Jones;GB
William Jones;GB
William Jones;GB
William Jones;GB
Wilson Jones;GB
Fred Keenor;GB
Fred Kelly;GB
Jack Kelsey;GB
Llewelyn Kenrick;GB
Charles Ketley;GB
Andy King;GB
John King;GB
Noel Kinsey;GB
Alan Knill;GB
Jason Koumas;GB
Dick Krzywicki;GB
Ray Lambert;GB
George Latham;GB
Brian Law;GB
Eddie Lawrence;GB
Sid Lawrence;GB
Arthur Lea;GB
Cyril Lea;GB
Patrick Leary;GB
Joe Ledley;GB
Ken Leek;GB
Andy Legg;GB
Arthur Lever;GB
Benjamin Lewis;GB
Billy Lewis;GB
Dai Lewis;GB
Dan Lewis;GB
David Lewis;GB
Dudley Lewis;GB
Jack Lewis;GB
John Lewis;GB
Thomas Lewis;GB
Wilf Lewis;GB
Chris Llewellyn;GB
Arthur Lloyd;GB
Brian Lloyd;GB
James Lloyd;GB
Albert Lockley;GB
Steve Lovell;GB
Steve Lowndes;GB
George Lowrie;GB
Billy Lucas;GB
Mal Lucas;GB
Bert Lumberg;GB
Shaun MacDonald;GB
Thomas McCarthy;GB
Robert McMillan;GB
Gavin Maguire;GB
John Mahoney;GB
Paul Mardon;GB
Martyn Margetson;GB
Andy Marriott;GB
Tudor Martin;GB
Chris Marustik;GB
Jack Mates;GB
Adam Matthews;GB
Billy Matthews;GB
Billy Matthews;GB
John Matthias;GB
Tommy Matthias;GB
Billy Mays;GB
Terry Medwin;GB
Andy Melville;GB
Billy Meredith;GB
Sam Meredith;GB
Ray Mielczarek;GB
Harry Millership;GB
Tony Millington;GB
Tommy Mills;GB
Robert Mills-Roberts;GB
Graham Moore;GB
Craig Morgan;GB
John Morgan;GB
John Morgan;GB
Hugh Morgan-Owen;GB
Morgan Morgan-Owen;GB
Steve Morison;GB
Ernie Morley;GB
Billy Morris;GB
Charlie Morris;GB
Dickie Morris;GB
Edward Morris;GB
Grenville Morris;GB
Hugh Morris;GB
James Morris;GB
John Morris;GB
Robert Morris;GB
Seymour Morris;GB
John Moulsdale;GB
Jimmy Murphy;GB
Boaz Myhill;GB
Daniel Nardiello;GB
Donato Nardiello;GB
John Neal;GB
Alan Neilson;GB
Jack Newnes;GB
Frank Newton;GB
Dai Nicholas;GB
Peter Nicholas;GB
Jack Nicholls;GB
Eddie Niedzwiecki;GB
William Nock;GB
Lee Nogan;GB
Tony Norman;GB
Mel Nurse;GB
Lewin Nyatanga;GB
Taffy O'Callaghan;GB
Alfred Oliver;GB
John Oster;GB
Peter O'Sullivan;GB
Digby Owen;GB
Elias Owen;GB
George Owen;GB
Jack Owen;GB
Thomas Owen;GB
Trevor Owen;GB
William Owen;GB
William Owen;GB
Joseph Owens;GB
Malcolm Page;GB
Robert Page;GB
Des Palmer;GB
Eddie Parris;GB
Bill Parry;GB
Charlie Parry;GB
Jack Parry;GB
Maurice Parry;GB
Paul Parry;GB
Ted Parry;GB
Thomas Parry;GB
David Partridge;GB
Colin Pascoe;GB
Roy Paul;GB
Ernest Peake;GB
Teddy Peers;GB
Mark Pembridge;GB
Eddie Perry;GB
Jason Perry;GB
Edward Phennah;GB
Charlie Phillips;GB
David Phillips;GB
John Phillips;GB
Leighton Phillips;GB
Henry Phoenix;GB
David Pipe;GB
George Poland;GB
Keith Pontin;GB
Aubrey Powell;GB
David Powell;GB
Ivor Powell;GB
Jack Powell;GB
Seth Powell;GB
Haydn Price;GB
John Price;GB
Lewis Price;GB
Paul Price;GB
Keith Pring;GB
Howard Pritchard;GB
Albert Pryce-Jones;GB
William Pryce-Jones;GB
Alf Pugh;GB
David Pugh;GB
John Pugsley;GB
John Pullen;GB
Aaron Ramsey;GB
Frank Rankmore;GB
Kevin Ratcliffe;GB
Jack Rea;GB
Karl Ready;GB
Gil Reece;GB
Billy Reed;GB
Billy Rees;GB
Jason Rees;GB
Ronnie Rees;GB
Tony Rees;GB
Christian Ribeiro;GB
Aneurin Richards;GB
Ashley Richards;GB
Billy Richards;GB
Dai Richards;GB
Dick Richards;GB
George Richards;GB
Stan Richards;GB
Sam Ricketts;GB
John Roach;GB
Walter Robbins;GB
Bill Roberts;GB
Bob Roberts;GB
Dave Roberts;GB
Gareth Roberts;GB
Iwan Roberts;GB
Jackie Roberts;GB
James Roberts;GB
James Roberts;GB
John Roberts;GB
John Roberts;GB
John Roberts;GB
Neil Roberts;GB
Phil Roberts;GB
Robert Roberts;GB
Robert Lee Roberts;GB
Robert Roberts;GB
Stephen Roberts;GB
Tony Roberts;GB
Walter Roberts;GB
William Roberts;GB
William Roberts;GB
Carl Robinson;GB
John Robinson;GB
Hal Robson-Kanu;GB
Peter Rodrigues;GB
Billy Rogers;GB
Joseph Rogers;GB
Leigh Roose;GB
Vic Rouse;GB
Stan Rowlands;GB
Tony Rowley;GB
Ian Rush;GB
Moses Russell;GB
Henry Sabine;GB
Dean Saunders;GB
Robbie Savage;GB
George Savin;GB
Peter Sayer;GB
Frank Scrine;GB
Cliff Sear;GB
Edward Shaw;GB
Alf Sherwood;GB
William Shone;GB
Bill Shortt;GB
Derek Showers;GB
Cyril Sidlow;GB
Herbert Sisson;GB
Neil Slatter;GB
David Smallman;GB
Neville Southall;GB
Gary Speed;GB
Gary Sprake;GB
Fred Stansfield;GB
Byron Stevenson;GB
Nigel Stevenson;GB
Ron Stitfall;GB
Brian Stock;GB
Derek Sullivan;GB
Kit Symons;GB
Derek Tapscott;GB
Gareth Taylor;GB
John Taylor;GB
Neil Taylor;GB
Oliver Taylor;GB
Ben Thatcher;GB
Billy Thomas;GB
Charles Thomas;GB
Dai Thomas;GB
Edgar Thomas;GB
George Thomas;GB
Harry Thomas;GB
Martin Thomas;GB
Mickey Thomas;GB
Rod Thomas;GB
Sid Thomas;GB
Thomas Thomas;GB
David Thomson;GB
George Thomson;GB
John Toshack;GB
Alfred Townsend;GB
Harry Trainer;GB
James Trainer;GB
Paul Trollope;GB
Owain Tudur Jones;GB
Bert Turner;GB
Dick Turner;GB
Joe Turner;GB
William Turner;GB
Pat Van Den Hauwe;GB
David Vaughan;GB
Jim Vaughan;GB
John Vaughan;GB
John Vaughan;GB
Nigel Vaughan;GB
Thomas Vaughan;GB
Graham Vearncombe;GB
Roy Vernon;GB
Tony Villars;GB
Ted Vizard;GB
Sam Vokes;GB
Tom Walley;GB
Ian Walsh;GB
Dai Ward;GB
Darren Ward;GB
Jack Warner;GB
Freddie Warren;GB
Ernest Watkins;GB
Walter Watkins;GB
Colin Webster;GB
Rhys Weston;GB
Bill Whatley;GB
Price White;GB
Dick Wilcock;GB
Job Wilding;GB
Adrian Williams;GB
Andy Williams;GB
Ashley Williams;GB
Ben Williams;GB
Bert Williams;GB
Bertie Williams;GB
Billy Williams;GB
David Williams;GB
Edwin Williams;GB
Ephraim Williams;GB
Gavin Williams;GB
George Williams;GB
George Williams;GB
Geraint Williams;GB
Glyn Williams;GB
Graham Williams;GB
Graham Williams;GB
Harold Williams;GB
Herbie Williams;GB
Jackie Williams;GB
James Williams;GB
Jesse Williams;GB
Joseph Williams;GB
Rees Williams;GB
Richard Williams;GB
Ronnie Williams;GB
Stuart Williams;GB
William Williams;GB
Doug Witcomb;GB
George Woosnam;GB
Phil Woosnam;GB
Tom Worthington;GB
George Wynn;GB
William Wynn;GB
Terry Yorath;GB
Eric Young;GB
Tom Aher;GB
John Aldrid;GB
Paddy Ambro;GB
John Anders;GB
Keith Andrew;GB
Paddy Andre;GB
Tom Arrig;GB
Phil Ba;GB
Eddie Bailh;GB
Eric Barb;GB
Graham Barre;GB
Paddy Bar;GB
Jim Begl;GB
Alan Benne;GB
Jimmy Bermingh;GB
Paddy Bermingh;GB
Leon Be;GB
Packie Bonn;GB
Synan Braddi;GB
Paddy Bradsh;GB
Frank Brady, S;GB
Liam Bra;GB
Ray Bra;GB
Robbie Brad;GB
Keith Branag;GB
Gary Bre;GB
Tommy Bre;GB
Fran Brenn;GB
Shay Brenn;GB
Jackie Bro;GB
Willie Brow;GB
Alex Bru;GB
Liam Buckl;GB
Florrie Bur;GB
John Bur;GB
Tom Bur;GB
Paul Butl;GB
Thomas Butl;GB
David Byr;GB
Jack Byr;GB
Jason Byr;GB
John Byr;GB
Paddy Byr;GB
Pat Byr;GB
Sean Byr;GB
Tony Byr;GB
Alan Campbe;GB
Noel Campbe;GB
Harry Cann;GB
Noel Cantwe;GB
Brian Car;GB
Johnny Car;GB
Joe Carol;GB
Stephen Ca;GB
Brendan Carro;GB
Tommy Carro;GB
Lee Carsl;GB
Tony Cascari;GB
Jeff Chandl;GB
Harry Chatt;GB
Ciaran Clar;GB
Clive Clar;GB
Jerome Clar;GB
Kevin Clar;GB
Mattie Clar;GB
Tommy Clint;GB
Paddy Co;GB
Tim Coff;GB
Séamus Colema;GB
Martin Colf;GB
Nick Colg;GB
Frank Colli;GB
Ollie Con;GB
David Connol;GB
Hugh Connol;GB
Jimmy Connol;GB
Terry Conr;GB
Jimmy Conw;GB
Peter Co;GB
Ned Courtn;GB
Simon Co;GB
Owen Coy;GB
Tommy Coy;GB
Glen Cro;GB
George Cummi;GB
Tim Cune;GB
Greg Cunningha;GB
Kenny Cunningh;GB
Dermot Curt;GB
Sean Cusa;GB
Liam Dai;GB
Gerry Da;GB
Jimmy Da;GB
Maurice Da;GB
Pat Da;GB
Tom Dav;GB
Eamonn Dea;GB
Damien Delan;GB
Rory Del;GB
Ken DeMan;GB
John Demps;GB
Miah Denne;GB
Peter Desmo;GB
John Devi;GB
Gary Doher;GB
Joey Donnel;GB
Tommy Donnel;GB
Don Donov;GB
Terry Donov;GB
Jonathan Dougl;GB
Charlie Dowda;GB
Christy Doy;GB
Colin Doy;GB
Denis Doy;GB
Kevin Doyl;GB
Larry Doy;GB
Michael Doy;GB
Damien Du;GB
Bobby Duf;GB
Harry Dugg;GB
Jimmy Dun;GB
Leo Dun;GB
Pat Dun;GB
Richard Dunn;GB
Seamus Dun;GB
Tommy Dun;GB
Tony Dun;GB
Paddy Dunni;GB
Eamon Dunp;GB
Noel Dwy;GB
Peter Eccl;GB
Robert Eg;GB
Tommy Eglingt;GB
Stephen Ellio;GB
Plev Ell;GB
Mickey Eva;GB
Eamonn Fag;GB
John Fag;GB
Paddy Fag;GB
Mick Fairclou;GB
Sean Fall;GB
Willie Fall;GB
Tom Farquhars;GB
Paddy Farre;GB
Peter Farre;GB
Gareth Farrel;GB
Keith Fahe;GB
John Feen;GB
Steve Finn;GB
Al Finuca;GB
Jack Fitzgera;GB
Peter Fitzgera;GB
Kevin Fitzpatri;GB
Arthur Fitzsimo;GB
Curtis Flemi;GB
John Joe Flo;GB
Amby Fogar;GB
Caleb Fol;GB
Dominic Fol;GB
Jim Fol;GB
Kevin Fole;GB
Mick Fol;GB
Theo Fol;GB
David Ford;GB
Tommy F;GB
Bob Full;GB
Johnny Full;GB
Patsy Gallach;GB
Charlie Gallagh;GB
Mike Gallagh;GB
Tony Galv;GB
Joe Gamb;GB
Eddie Gann;GB
Mick Gann;GB
Peadar Gaski;GB
Johnny Gav;GB
Matty Geogheg;GB
Shay Gibbo;GB
Darron Gibso;GB
Bobby Gilbe;GB
Chris Gil;GB
Johnny Gil;GB
Shay Give;GB
Don Give;GB
Stephen Glees;GB
William Gl;GB
Dessie Gly;GB
Tommy Godw;GB
Joseph Goldi;GB
Jon Goodm;GB
Jim Goodw;GB
Bill Gorm;GB
Joe Gra;GB
Tony Greali;GB
Paul Gree;GB
Eamonn Gre;GB
Dick Griffi;GB
Ashley Grim;GB
Alfie Ha;GB
Tommy Hamilt;GB
Eoin Ha;GB
Bill Harringt;GB
Ian Har;GB
Jimmy Hartne;GB
Joe Haver;GB
Austin Hay;GB
Bill Hay;GB
Willie Hay;GB
Ron Heal;GB
Colin Hea;GB
Steve Heighw;GB
Benny Henders;GB
Wayne Henders;GB
Jeff Hendric;GB
Jackie Hennes;GB
John Herri;GB
Jim Higgi;GB
Matt Holla;GB
Jimmy Holm;GB
Wes Hoolaha;GB
Fred Horlach;GB
Ray Hought;GB
Gary Howle;GB
Mick H;GB
Chris Hught;GB
Noel Hu;GB
Stephen Hun;GB
Charlie Hurl;GB
Freddie Hutchins;GB
Stephen Irela;GB
Denis Irw;GB
Billy Jord;GB
Davy Jord;GB
Graham Kavana;GB
Peter Kavana;GB
Robbie Kean;GB
Rory Kea;GB
Roy Kea;GB
Mick Kear;GB
Freddie Kear;GB
Mick Kear;GB
Alan Kelly, J;GB
Alan Kelly, S;GB
David Kel;GB
Gary Kel;GB
Jimmy Kel;GB
Mark Kel;GB
Noel Kel;GB
Phil Kel;GB
Stephen Kell;GB
Joe Kendrick, S;GB
Jeff Ken;GB
Mark Kenne;GB
Mick Kenne;GB
Willie Kenne;GB
Paddy Ken;GB
Andy Keog;GB
John Keo;GB
Richard Keog;GB
Shay Keo;GB
Alan Kernagh;GB
Dean Kie;GB
Fred Kiern;GB
Kevin Kilba;GB
Joe Kinne;GB
Joe Kinsel;GB
Mark Kinsel;GB
Owen Kinsel;GB
Alec Kirkla;GB
Bill Lac;GB
Dave Lang;GB
Joseph Lapi;GB
Robin Lawl;GB
Kit Lawl;GB
Mick Lawl;GB
Liam Lawren;GB
Mark Lawrens;GB
Alan L;GB
Mick Lee;GB
Charlie Lenn;GB
George Lenn;GB
Shane Lon;GB
Dinny Low;GB
Dicky Lu;GB
Miah Lyn;GB
Alan Mah;GB
Jon Mack;GB
Tony Mack;GB
Gerry Mack;GB
Owen Madd;GB
Jim Magui;GB
Gerry Malo;GB
Terry Manci;GB
Christy Mart;GB
Con Mart;GB
Mick Mart;GB
Alan Maybu;GB
Jimmy McAlind;GB
Jason McAte;GB
Maxie McCa;GB
Jack McCart;GB
James McCarth;GB
Mick McCart;GB
Mick McCart;GB
James McClea;GB
Tommy McConvil;GB
Jacko McDona;GB
Jim McDona;GB
Andy McEv;GB
Aiden McGead;GB
Paul McG;GB
Eddie McGoldri;GB
Danny McGow;GB
Johnny McGow;GB
Mick McGra;GB
Paul McGra;GB
Bill McGui;GB
George McKenz;GB
Alan McLoughl;GB
Frank McLoughl;GB
Billy McMill;GB
Brendan McNal;GB
Stephen McPha;GB
Paul McShan;GB
Mick Meag;GB
Paddy Meeh;GB
David Meyle;GB
Liam Mill;GB
Mike Millig;GB
Paddy Monagh;GB
Jackie Moon;GB
Alan Moo;GB
Paddy Moo;GB
Kevin Mor;GB
Tommy Moron;GB
Chris Morr;GB
Clinton Morris;GB
Con Mouls;GB
George Mouls;GB
Cathal Mucki;GB
Tommy Muldo;GB
Paddy Mullig;GB
Liam Munr;GB
Albie Murp;GB
Barry Murp;GB
Daryl Murp;GB
Jerry Murp;GB
Joe Murp;GB
Peter Murp;GB
Tommy Murr;GB
Billy Newm;GB
Eddie Nol;GB
Ronnie Nol;GB
Alan O'Bri;GB
Andy O'Bri;GB
Fran O'Bri;GB
Joey O'Brie;GB
Liam O'Bri;GB
Mick O'Bri;GB
Ray O'Bri;GB
Lar O'Byr;GB
Brendan O'Callagh;GB
Kevin O'Callagh;GB
Joe O'Cearui;GB
Tony O'Conne;GB
Tommy O'Conn;GB
Turlough O'Conn;GB
Darren O'De;GB
Jackie O'Drisco;GB
Sean O'Drisco;GB
Frank O'Farre;GB
Kevin O'Flanag;GB
Mick O'Flanag;GB
Stephen O'Hallor;GB
Kelham O'Hanl;GB
Paddy O'Ka;GB
Eamonn O'Kee;GB
Tim O'Kee;GB
David O'Lea;GB
Pierce O'Lea;GB
Matt O'Mahon;GB
Frank O'Nei;GB
Jimmy O'Nei;GB
John O'Nei;GB
Keith O'Nei;GB
Willie O'Nei;GB
Kieran O'Reg;GB
Jack O'Reil;GB
Joe O'Reil;GB
John O'She;GB
Alex Pearc;GB
Gerry Peyt;GB
Noel Peyt;GB
Terry Phel;GB
Darren Pott;GB
Alan Qui;GB
Barry Qui;GB
Niall Qui;GB
Darren Randolp;GB
Andy Re;GB
Charlie Re;GB
Steven Re;GB
Damien Richards;GB
Alf Rig;GB
Alf Ringste;GB
Jeremiah Robins;GB
Michael Robins;GB
Paddy Roc;GB
Eamonn Roge;GB
Martin Rowlan;GB
Gerry Ry;GB
Reg Ry;GB
Richard Sadli;GB
Conor Sammo;GB
Dave Sava;GB
Pat Sawa;GB
Tom Scanne;GB
Pat Scul;GB
Kevin Shee;GB
Cillian Sherid;GB
John Sherid;GB
Bernie Slav;GB
Paddy Slo;GB
Mick Smy;GB
Johnny Squir;GB
Sean St Ledge;GB
Frank Staplet;GB
Steve Staunt;GB
Alex Stevens;GB
Anthony Stok;GB
Freddie Strah;GB
Jack Sulliv;GB
Maurice Sw;GB
Noel Synno;GB
Peter Thom;GB
John Thomps;GB
Andy Townse;GB
Tommy Trayn;GB
Keith Treac;GB
Ray Trea;GB
Liam Tuo;GB
Charlie Turn;GB
Paddy Turn;GB
Jackie Vern;GB
Gary Waddo;GB
Billy Wal;GB
Davy Wal;GB
Johnny Wal;GB
Mickey Wal;GB
Jonathan Walter;GB
Stephen War;GB
Joe Wate;GB
Fran Watte;GB
Ned We;GB
Keiren Westwoo;GB
Glenn Whela;GB
Billy Whel;GB
Ronnie Whel;GB
Ronnie Whelan, S;GB
Jimmy Whi;GB
Dick Whittak;GB
Joe Willia;GB
Marc Wilso;GB
Mike Havenaar;JP
Hiroshi Kiyotake;JP
Masahiko Inoha;JP
Maya Yoshida;JP
Hajime Hosogai;JP
Shinji Okazaki;JP
Keisuke Honda;JP
Yuto Nagatomo;JP
Eiji Kawashima;JP
Ryoichi Maeda;JP
Makoto Hasebe;JP
Yuichi Komano;JP
Yasuhito Endo;JP
Gotoku Sakai;JP
Hideto Takahashi;JP
Hiroki Sakai;JP
Shinji Kagawa;JP
Hiroki Mizumoto;JP
Kengo Nakamura;JP
Tomoaki Makino;JP
Jungo Fujimoto;JP
Atsuto Uchida;JP
Yuzo Kurihara;JP
Yasuyuki Konno;JP
Ryo Miyaichi;JP
Takayuki Morimoto;JP
Tadanari Lee;JP
Takashi Inui;JP
Naoya Kondo;JP
Junya Tanaka;JP
Chikashi Masuda;JP
Ryota Moriwaki;JP
Yosuke Kashiwagi;JP
Shusaku Nishikawa;JP
Naohiro Ishikawa;JP
Yoshito Okubo;JP
Genki Haraguchi;JP
Yuki Abe;JP
Akihiro Ienaga;JP
Kunimitsu Sekiguchi;JP
Daigo Nishi;JP
Shinzo Koroki;JP
Michihiro Yasuda;JP
Daiki Iwamasa;JP
Takuya Honda;JP
Mitsuru Nagata;JP
Daisuke Matsui;JP
Mu Kanazaki;JP
Hideo Hashimoto;JP
Seigo Narazaki;JP
Yuji Nakazawa;JP
Marcus Tulio Tanaka;JP
Keiji Tamada;JP
Junichi Inamoto;JP
Shunsuke Nakamura;JP
Kisho Yano;JP
Yuhei Tokunaga;JP
Koji Yamase;JP
Hisato Sato;JP
Sota Hirayama;JP
Mitsuo Ogasawara;JP
Kensuke Nagai;JP
Kazuma Watanabe;JP
Takuji Yonemoto;JP
Kazuya Yamamura;JP
Kosuke Ota;JP
Naoya Kikuchi;JP
Shuichi Gonda;JP
Naoki Yamada;JP
Ryota Tsuzuki;JP
Satoshi Yamaguchi;JP
Tatsuya Tanaka;JP
Kazumichi Takagi;JP
Seiichiro Maki;JP
Shuhei Terada;JP
Takeshi Aoki;JP
Yoshikatsu Kawaguchi;JP
Masashi Oguro;JP
Shinji Ono;JP
Keita Suzuki;JP
Naohiro Takahara;JP
Satoru Yamagishi;JP
Yuzo Tashiro;JP
Ryuji Bando;JP
Akira Kaji;JP
Naotake Hanyu;JP
Daiki Takamatsu;JP
Koki Mizuno;JP
Koji Nakata;JP
Keisuke Tsuboi;JP
Kazuki Ganaha;JP
Alessandro Santos;JP
Takahiro Futagawa;JP
Tsukasa Umesaki;JP
Yuto Sato;JP
Daisuke Sakata;JP
Naoshi Nakamura;JP
Daigo Kobayashi;JP
Hayuma Tanaka;JP
Hidetoshi Nakata;JP
Tsuneyasu Miyamoto;JP
Takashi Fukunishi;JP
Atsushi Yanagisawa;JP
Teruyuki Moniwa;JP
Tatsuhiko Kubo;JP
Shinji Murai;JP
Makoto Tanaka;JP
Masashi Motoyama;JP
Yoshinobu Minowa;JP
Takayuki Suzuki;JP
Yoichi Doi;JP
Takayuki Chano;JP
Atsuhiro Miura;JP
Naoki Matsuda;JP
Toshiya Fujita;JP
Takuya Yamada;JP
Norihiro Nishi;JP
Nobuhisa Yamada;JP
Teruaki Kurobe;JP
Daisuke Oku;JP
Hitoshi Sogahata;JP
Yuichiro Nagai;JP
Ryuzo Morioka;JP
Toshihiro Hattori;JP
Yutaka Akita;JP
Akira Narahashi;JP
Masashi Nakayama;JP
Yoshiteru Yamashita;JP
Eisuke Nakanishi;JP
Kazuyuki Toda;JP
Tomokazu Myojin;JP
Daisuke Ichikawa;JP
Akinori Nishizawa;JP
Hiroaki Morishima;JP
Yasuhiro Hato;JP
Teruyoshi Ito;JP
Nozomi Hiroyama;JP
Chikara Fujimoto;JP
Kenichi Uemura;JP
Hiroshi Nanami;JP
Shigeyoshi Mochizuki;JP
Shoji Jo;JP
Tomoyuki Sakai;JP
Hideaki Kitajima;JP
Keiji Kaimoto;JP
Daijiro Takakuwa;JP
Go Oiwa;JP
Yoshiharu Ueno;JP
Kazuyoshi Miura;JP
Hiromi Kojima;JP
Takashi Hirano;JP
Masaaki Sawanobori;JP
Atsushi Yoneyama;JP
Tomoyuki Hirase;JP
Wagner Lopes;JP
Naoki Soma;JP
Masayuki Okano;JP
Masami Ihara;JP
Kota Yoshihara;JP
Masahiro Ando;JP
Toshihide Saito;JP
Kazuaki Tasaka;JP
Tsuyoshi Kitazawa;JP
Takashi Shimoda;JP
Norio Omura;JP
Motohiro Yamaguchi;JP
Tadatoshi Masuda;JP
Tadashi Nakamura;JP
Takuya Takagi;JP
Yasuto Honda;JP
Takeshi Watanabe;JP
Ryuji Michiki;JP
Hideto Suzuki;JP
Yasuyuki Moriyama;JP
Hiroshige Yanagimoto;JP
Masakiyo Maezono;JP
Hisashi Kurosaki;JP
Kenichi Shimokawa;JP
Naoki Sakai;JP
Kazuya Maekawa;JP
Yoshiyuki Hasegawa;JP
Masaki Tsuchihashi;JP
Nobuyuki Kojima;JP
Hajime Moriyasu;JP
Masaharu Suzuki;JP
Kentaro Sawada;JP
Shinkichi Kikuchi;JP
Masahiro Fukuda;JP
Tetsuji Hashiratani;JP
Kentaro Hayashi;JP
Ruy Ramos;JP
Koji Noguchi;JP
Katsuo Kanda;JP
Kenta Hasegawa;JP
Shigetatsu Matsunaga;JP
Satoshi Tsunami;JP
Hiromitsu Isogai;JP
Toshihiro Yamaguchi;JP
Yoshihiro Natsuka;JP
Takumi Horiike;JP
Yoshiro Moriyama;JP
Masahiro Endo;JP
Teruo Iwamoto;JP
Takafumi Ogura;JP
Nobuhiro Takeda;JP
Naoto Otake;JP
Takahiro Yamada;JP
Kenji Honnami;JP
Tetsuya Asano;JP
Koji Kondo;JP
Yoshiaki Sato;JP
Mitsunori Yoshida;JP
Toshinobu Katsuya;JP
Yasutoshi Miura;JP
Hiroshi Hirakawa;JP
Yasuharu Sorimachi;JP
Akihiro Nagashima;JP
Yuji Sakakura;JP
Masanao Sasaki;JP
Shinichi Morishita;JP
Shiro Kikuhara;JP
Katsuyoshi Shinto;JP
Toru Sano;JP
Katsumi Oenoki;JP
Shinichiro Tani;JP
Atsushi Natori;JP
Satoru Mochizuki;JP
Yoshiyuki Matsuyama;JP
Takashi Mizunuma;JP
Tomoyuki Kajino;JP
Osamu Maeda;JP
Masaaki Mori;JP
Tomoyasu Asaoka;JP
Katsuhiro Kusaki;JP
Hiromi Hara;JP
Kiyotaka Matsui;JP
Yuji Sugano;JP
Satoshi Tezuka;JP
Nobuyo Fujishiro;JP
Akihiro Nishimura;JP
Kuniharu Nakamoto;JP
Hisashi Kato;JP
Yasuhiko Okudera;JP
Yasuharu Kurata;JP
Toshio Matsuura;JP
Kazuo Echigo;JP
Hisashi Kaneko;JP
Satoshi Miyauchi;JP
Yasutaro Matsuki;JP
Koichi Hashiratani;JP
Kazushi Kimura;JP
Yoshinori Ishigami;JP
Osamu Taninaka;JP
George Yonashiro;JP
Tetsuya Totsuka;JP
Takeshi Koshida;JP
Yutaka Ikeuchi;JP
Takeshi Okada;JP
Shinobu Ikeda;JP
Shinji Tanaka;JP
Kazuaki Nagasawa;JP
Masaru Uchiyama;JP
Atsushi Uchiyama;JP
Koji Tanaka;JP
Nobutoshi Kaneda;JP
Kazumi Tsubota;JP
Kazuo Saito;JP
Hideki Maeda;JP
Hiroyuki Usui;JP
Mitsuhisa Taguchi;JP
Masafumi Yokoyama;JP
Tetsuo Sugamata;JP
Yahiro Kazama;JP
Kazuo Ozaki;JP
Hiroshi Yoshida;JP
Toru Yoshikawa;JP
Mitsugu Nomura;JP
Ryoichi Kawakatsu;JP
Masaaki Kato;JP
Toshihiko Okimune;JP
Naoji Ito;JP
Shigemitsu Sudo;JP
Haruhisa Hasegawa;JP
Yoshio Kato;JP
Tsutomu Sonobe;JP
Satoshi Yamaguchi;JP
Masakuni Yamamoto;JP
Yasuhito Suzuki;JP
Hiroyuki Sakashita;JP
Takayoshi Yamano;JP
Hiroshi Soejima;JP
Kozo Tashima;JP
Ikuo Takahara;JP
Yuji Kishioku;JP
Yukitaka Omi;JP
Eijun Kiyokumo;JP
Hiroshi Ochiai;JP
Keizo Imai;JP
Yoshikazu Nagai;JP
Tatsuhiko Seta;JP
Mitsuo Kato;JP
Michio Yasuda;JP
Nobuo Fujishima;JP
Shigeharu Ueki;JP
Katsuyuki Kawachi;JP
Yoshiichi Watanabe;JP
Shigemi Ishii;JP
Kazuyoshi Nakamura;JP
Mitsuo Watanabe;JP
Mitsunori Fujiguchi;JP
Atsuyoshi Furuta;JP
Ichiro Hosotani;JP
Hisao Sekiguchi;JP
Akira Nishino;JP
Toyohito Mochizuki;JP
Choei Sato;JP
Mitsuru Komaeda;JP
Masaki Yokotani;JP
Kozo Arai;JP
Kunishige Kamamoto;JP
Nobuo Kawakami;JP
Kuniya Daini;JP
Hiroji Imamura;JP
Daishiro Yoshimura;JP
Toshio Takabayashi;JP
Akira Matsunaga;JP
Takaji Mori;JP
Aritatsu Ogi;JP
Michio Ashikaga;JP
Kazumi Takada;JP
Koji Funamoto;JP
Shusaku Hirasawa;JP
Kenzo Yokoyama;JP
Kazuhisa Kono;JP
Noritaka Hidaka;JP
Minoru Kobata;JP
Yoshitada Yamaguchi;JP
Seiichi Sakiya;JP
George Kobayashi;JP
Kiyoshi Tomizawa;JP
Hiroshi Katayama;JP
Teruki Miyamoto;JP
Ryuichi Sugiyama;JP
Masakatsu Miyamoto;JP
Tadahiko Ueda;JP
Yoshio Kikugawa;JP
Takeshi Ono;JP
Teruo Nimura;JP
Eizo Yuguchi;JP
Takeo Kimura;JP
Masafumi Hara;JP
Yusuke Omi;JP
Norio Yoshimizu;JP
Yasuyuki Kuwahara;JP
Tsuyoshi Kunieda;JP
Masashi Watanabe;JP
Mitsuo Kamata;JP
Junji Kawano;JP
Ikuo Matsumoto;JP
Tadao Onishi;JP
Shigeo Yaegashi;JP
Ryozo Suzuki;JP
Hisao Kami;JP
Masahiro Hamazaki;JP
Kazuo Imanishi;JP
Shozo Tsugitani;JP
Masanobu Izumi;JP
Katsuyoshi Kuwahara;JP
Saburo Kawabuchi;JP
Nobuyuki Oishi;JP
Takao Nishiyama;JP
Tsukasa Hosaka;JP
Michihiro Ozawa;JP
Yasuo Takamori;JP
Yoshinobu Ishii;JP
Takayuki Kuwata;JP
Takehiko Kawanishi;JP
Yoshio Furukawa;JP
Masao Uchino;JP
Ryuzo Hiraki;JP
Ken Naganuma;JP
Hiroshi Saeki;JP
Koji Sasaki;JP
Kenji Tochio;JP
Tatsuya Shiji;JP
Hiroshi Ninomiya;JP
Akira Kitaguchi;JP
Masanori Tokita;JP
Seishiro Shimatani;JP
Hiroaki Sato;JP
Gyoji Matsumoto;JP
Yoshinori Shigematsu;JP
Waichiro Omura;JP
Isao Iwabuchi;JP
Takashi Takabayashi;JP
Kenzo Ohashi;JP
Tadao Kobayashi;JP
Toshio Iwatani;JP
Yukio Shimomura;JP
Takashi Tokuhiro;JP
Reizo Fukuhara;JP
Hisataka Okamoto;JP
Tomohiko Ikoma;JP
Nobuo Matsunaga;JP
Arawa Kimura;JP
Shunichiro Okano;JP
Yasukazu Tanaka;JP
Kakuichi Mimura;JP
Yozo Aoki;JP
Hidemaro Watanabe;JP
Masao Ono;JP
Koji Miyata;JP
Yoshio Okada;JP
Takashi Kano;JP
Hirokazu Ninomiya;JP
Taizo Kawamoto;JP
Hiroto Muraoka;JP
Taro Kagawa;JP
Takeshi Inoue;JP
Osamu Yamaji;JP
Shigeo Sugimoto;JP
Seki Matsunaga;JP
Ken Noritake;JP
Nobuyuki Kato;JP
Ko Arima;JP
Megumu Tamura;JP
Yukio Tsuda;JP
Kim Sung-Gan;JP
Kazu Naoki;JP
Saburo Shinosaki;JP
Takashi Kasahara;JP
Lee Yoo-Hyung;JP
Kunitaka Sueoka;JP
Kim Yong-Sik;JP
Tokutaro Ukon;JP
Shogo Kamo;JP
Takeshi Kamo;JP
Koichi Oita;JP
Rihei Sano;JP
Akira Matsunaga;JP
Yasuo Suzuki;JP
Motoo Tatsuhara;JP
Teizo Takeuchi;JP
Tadao Horie;JP
Takeshi Natori;JP
Shunichi Kumai;JP
Teiichi Matsumaru;JP
Takashi Kawanishi;JP
Hideo Sakai;JP
Shiro Misaki;JP
Ichiji Otani;JP
Akira Nozawa;JP
Yukio Goto;JP
Teruo Abe;JP
Hiroshi Kanazawa;JP
Shoichi Nishimura;JP
Masao Nozawa;JP
Saizo Saito;JP
Tokizo Ichihashi;JP
Tadao Takayama;JP
Hideo Shinojima;JP
Shiro Teshima;JP
Takeo Wakabayashi;JP
Yasuo Haruyama;JP
Nagayasu Honda;JP
Shigemaru Takenokoshi;JP
Tameo Ide;JP
Michiyo Taki;JP
Shigeru Takahashi;JP
Tamotsu Asakura;JP
Haruo Arima;JP
Ko Takamoro;JP
Daigoro Kondo;JP
Junji Nishikawa;JP
Misao Tamai;JP
Shigeyoshi Suzuki;JP
Shojiro Sugimura;JP
Kinjiro Shimizu;JP
Kiyonosuke Marutani;JP
Sakae Takahashi;JP
Masuzo Madono;JP
Masao Takada;JP
Sachi Kagawa;JP
Jiro Miyake;JP
Hifuyo Uchida;JP
Uichiro Hatta;JP
Toshio Miyaji;JP
Yoshimatsu Oyama;JP
Yanosuke Watanabe;JP
Kiyoo Kanda;JP
Shiro Azumi;JP
Shumpei Inoue;JP
Kikuzo Kisaka;JP
Setsu Sawagata;JP
Toshio Hirabayashi;JP
Shizuo Miyama;JP
Usaburo Hidaka;JP
Fukusaburo Harada;JP
Ryuzo Shimizu;JP
Naoemon Shimizu;JP
Yoshio Fujiwara;JP
Roberto Palacios;PE
Héctor Chumpitaz;PE
Jorge Soto;PE
Juan Jayo;PE
Nolberto Solano;PE
Rubén Toribio Díaz;PE
Juan Reynoso;PE
Percy Olivares;PE
José Velásquez;PE
Teófilo Cubillas;PE
Claudio Pizarro;PE
José Soto;PE
José del Solar;PE
Jefferson Farfán;PE
Juan Carlos Oblitas;PE
Walter Vílchez;PE
Hugo Sotil;PE
Jorge Olaechea;PE
Miguel Rebosio;PE
Oswaldo Ramirez;PE
Flavio Maestri;PE
Franco Navarro;PE
José Luis Carranza;PE
Jaime Duarte;PE
Paolo Guerrero;PE
César Cueto;PE
Pedro Jesús Requena;PE
Alfredo Quesada;PE
Óscar Ibáñez;PE
Pedro Pablo León;PE
Percy Rojas;PE
Juan Manuel Vargas;PE
Alberto Junior Rodríguez;PE
Juan José Muñante;PE
Roberto Challe;PE
Martín Hidalgo;PE
Miguel Miranda;PE
Eloy Campos;PE
Andrés Mendoza;PE
Ramón Mifflin;PE
Santiago Acasiete;PE
John Galliquio;PE
Ramón Quiroga;PE
Julio César Uribe;PE
Guillermo La Rosa;PE
Luis Reyna;PE
Orlando De La Torre;PE
Leao Butrón;PE
Godfrey Chitalu;ZM
Wisdom Mumba Chansa;ZM
Ian Bakala;ZM
Kalusha Bwalya;ZM
Johnson Bwalya;ZM
David Chabala;ZM
Linos Chalwe;ZM
James Chamanga;ZM
Isaac Chansa;ZM
Phillimon Chepita;ZM
Laughter Chilembe;ZM
Noah Chivuta;ZM
Clive Hachilensa;ZM
Hijani Himoonde;ZM
Kalililo Kakonje;ZM
Kennedy Kalale;ZM
Francis Kasonde;ZM
Chris Katongo;ZM
Felix Katongo;ZM
Rotson Kilambe;ZM
George Kolala;ZM
Stophira Sunzu;ZM
Rodgers Kola;ZM
Dennis Lota;ZM
Misheck Lungu;ZM
Hillary Makasa;ZM
Collins Mbesuma;ZM
Harry Milanzi;ZM
Mwape Miti;ZM
Perry Mubanga;ZM
Dominic Yobe;ZM
Rabson Mucheleng'anga;ZM
Clifford Mulenga;ZM
Jacob Mulenga;ZM
Henry Nyambe Mulenga;ZM
Charly Musonda;ZM
Joseph Musonda;ZM
Perry Mutapa;ZM
Billy Mwanza;ZM
Kennedy Mweene;ZM
Chaswe Nsofwa;ZM
Mumamba Numba;ZM
Davies Phiri;ZM
Lawrence Phiri;ZM
Moses Sichone;ZM
Zacharia Simukonda;ZM
Andrew Sinkala;ZM
Mark Sinyangwe;ZM
Elijah Tana;ZM
Andrew Tembo;ZM
Kapambwe Mulenga;ZM
Emmanuel Zulu;ZM
Ginger Pensulo;ZM
Samuel Ndlovu;ZM
Emment Kapengwe;ZM
Boniface Simutowe;ZM
Dick Chama;ZM
Johnstone Katowando;ZM
Patrick Phiri;ZM
Peter Kaumba Power Dynamos;ZM
Samuel Matete;ZM
Beatrice Lungu;ZM
Racheal Nachula;ZM
Tonny Wamulwa;ZM
Obed Mutanya;ZM
Yotamu Muleya;ZM
Francis Mukuka Malume;ZM
Fackson Nkandu;ZM
Donald Nyirenda;ZM
Clinton Bufuku;ZM
Isaac Mulongo;ZM
Jonathan Chipalo;ZM
Charles Mulinga;ZM
Godfrey Siamusiye;ZM
Ngozi Mwanamwambwa;ZM
Boga Mushanga;ZM
Cephas Lemba;ZM
Sydeny Sikanyika;ZM
Joyce Likando;ZM
Hastings Bwalya;ZM
Felix Bwalya;ZM
Cassius Chiyanika;ZM
Kennedy Kanyanta;ZM
Keith Mwila;ZM
Lottie Mwale;ZM
Precious Makina;ZM
Davis Mwale;ZM
Lucky Mutale;ZM
Esther Phiri;ZM
Catherine Phiri;ZM
