David Aardsma;US
Hank Aaron;US
Tommie Aaron;US
Don Aase;US
Andy Abad;US
Fernando Abad;US
John Abadie;US
Ed Abbaticchio;US
Bert Abbey;US
Charlie Abbey;US
Dan Abbott;US
Fred Abbott;US
Glenn Abbott;US
Jeff Abbott;US
Jim Abbott;US
Kurt Abbott;US
Kyle Abbott;US
Ody Abbott;US
Paul Abbott;US
Al Aber;US
Frank Abercrombie;US
Reggie Abercrombie;US
Bill Abernathie;US
Brent Abernathy;US
Tal Abernathy;US
Ted Abernathy;US
Woody Abernathy;US
Cliff Aberson;US
Harry Ables;US
Shawn Abner;US
Cal Abrams;US
George Abrams;US
Johnny Abrego;US
Bobby Abreu;US
Joe Abreu;US
Juan Abreu;US
Tony Abreu;US
Winston Abreu;US
Bill Abstein;US
Jeremy Accardo;US
José Acevedo;US
Juan Acevedo;US
Alfredo Aceves;US
Jim Acker;US
Tom Acker;US
Dustin Ackley;US
Fritz Ackley;US
Cy Acosta;US
Ed Acosta;US
José Acosta;US
Manny Acosta;US
Merito Acosta;US
Mark Acre;US
Jerry Adair;US
Jimmy Adair;US
Ace Adams;US
Babe Adams;US
Bert Adams;US
Bob Adams;US
Bob Adams;US
Bob Adams;US
Bobby Adams;US
Buster Adams;US
Dan Adams;US
Dick Adams;US
Doug Adams;US
George Adams;US
Glenn Adams;US
Herb Adams;US
Jim Adams;US
Joe Adams;US
Karl Adams;US
Mike Adams;US
Mike Adams;US
Red Adams;US
Rick Adams;US
Ricky Adams;US
Russ Adams;US
Ryan Adams;US
Sparky Adams;US
Spencer Adams;US
Terry Adams;US
Willie Adams;US
Willie Adams;US
Joel Adamson;US
Mike Adamson;US
Joe Adcock;US
Nathan Adcock;US
Bob Addis;US
Jim Adduci;US
Bob Addy;US
Nick Adenhart;US
Morrie Aderholt;US
Dewey Adkins;US
Dick Adkins;US
Doc Adkins;US
Grady Adkins;US
Jon Adkins;US
Steve Adkins;US
Henry Adkinson;US
Dave Adlesh;US
Troy Afenir;US
Jeremy Affeldt;US
Benny Agbayani;US
Tommie Agee;US
Harry Agganis;US
Joe Agler;US
Sam Agnew;US
Juan Agosto;US
Luis Aguayo;US
Chris Aguila;US
Rick Aguilera;US
Hank Aguirre;US
Bill Ahearn;US
Pat Ahearne;US
Willie Aikens;US
Danny Ainge;US
Eddie Ainsmith;US
Kurt Ainsworth;US
Raleigh Aitchison;US
George Aiton;US
John Ake;US
Jack Aker;US
Darrel Akerfelds;US
Bill Akers;US
Jerry Akers;US
Gibson Alba;US
Jonathan Albaladejo;US
Joe Albanese;US
José Alberro;US
Matt Albers;US
Butch Alberts;US
Cy Alberts;US
Gus Alberts;US
Ed Albosta;US
Ed Albrecht;US
Jack Albright;US
Al Alburquerque;US
Vic Albury;US
Santo Alcala;US
Izzy Alcántara;US
Luis Alcaraz;US
Scotty Alcock;US
Dale Alderson;US
Scott Aldred;US
Mike Aldrete;US
Jay Aldrich;US
Cory Aldridge;US
Vic Aldridge;US
Chuck Aleno;US
Bob Alexander;US
Dale Alexander;US
Doyle Alexander;US
Gary Alexander;US
Gerald Alexander;US
Grover Cleveland Alexander;US
Hugh Alexander;US
Manny Alexander;US
Matt Alexander;US
Nin Alexander;US
Walt Alexander;US
Jason Alfaro;US
Antonio Alfonseca;US
Edgardo Alfonzo;US
Eliézer Alfonzo;US
Luis Alicea;US
Andy Allanson;US
Brian Allard;US
Bernie Allen;US
Bob Allen;US
Bob Allen;US
Bob Allen;US
Bob Allen;US
Brandon Allen;US
Chad Allen;US
Dick Allen;US
Dusty Allen;US
Ethan Allen;US
Frank Allen;US
Ham Allen;US
Hank Allen;US
Hezekiah Allen;US
Horace Allen;US
Jack Allen;US
Jamie Allen;US
John Allen;US
Johnny Allen;US
Kim Allen;US
Lloyd Allen;US
Luke Allen;US
Myron Allen;US
Neil Allen;US
Nick Allen;US
Pete Allen;US
Rod Allen;US
Ron Allen;US
Sled Allen;US
Gary Allenson;US
Jermaine Allensworth;US
Gene Alley;US
Gair Allie;US
Bob Allietta;US
Andy Allison;US
Art Allison;US
Bill Allison;US
Bob Allison;US
Dana Allison;US
Doug Allison;US
Mack Allison;US
Milo Allison;US
Beau Allred;US
Mel Almada;US
Armando Almanza;US
Carlos Almanzar;US
Rafael Almeida;US
Bill Almon;US
Edwin Almonte;US
Erick Almonte;US
Héctor Almonte;US
Luis Aloma;US
Roberto Alomar;US
Sandy Alomar;US
Sandy Alomar;US
Yonder Alonso;US
Felipe Alou;US
Jesús Alou;US
Matty Alou;US
Moisés Alou;US
Whitey Alperman;US
Dell Alston;US
Garvin Alston;US
Tom Alston;US
Walter Alston;US
Porfi Altamirano;US
Ernie Alten;US
Jesse Altenburg;US
Dave Altizer;US
George Altman;US
Joe Altobelli;US
Nick Altrock;US
José Altuve;US
George Alusik;US
Luis Alvarado;US
Abe Alvarez;US
Clemente Álvarez;US
Gabe Alvarez;US
Henderson Alvarez;US
Jose Alvarez;US
Juan Alvarez;US
Orlando Álvarez;US
Ossie Álvarez;US
Pedro Alvarez;US
Rogelio Álvarez;US
Tavo Álvarez;US
Tony Álvarez;US
Víctor Álvarez;US
Wilson Álvarez;US
Max Alvis;US
Billy Alvord;US
Brant Alyea;US
Joey Amalfitano;US
Rich Amaral;US
Alexi Amarista;US
Rubén Amaro Sr.;US
Rubén Amaro Jr.;US
Wayne Ambler;US
Chip Ambres;US
Héctor Ambriz;US
Ed Amelung;US
Red Ames;US
Alfredo Amézaga;US
Doc Amole;US
Vicente Amor;US
Sandy Amorós;US
Walter Ancker;US
Larry Andersen;US
Alf Anderson;US
Allan Anderson;US
Andy Anderson;US
Bill Anderson;US
Bill Anderson;US
Bob Anderson;US
Brady Anderson;US
Brett Anderson;US
Brian Anderson;US
Brian Anderson;US
Bryan Anderson;US
Bud Anderson;US
Craig Anderson;US
Dave Anderson;US
Dave Anderson;US
Drew Anderson;US
Dwain Anderson;US
Ferrell Anderson;US
Fred Anderson;US
Garret Anderson;US
George Anderson;US
Goat Anderson;US
Hal Anderson;US
Harry Anderson;US
Jason Anderson;US
Jim Anderson;US
Jimmy Anderson;US
John Anderson;US
John Anderson;US
Josh Anderson;US
Kent Anderson;US
Larry Anderson;US
Lars Anderson;US
Marlon Anderson;US
Matt Anderson;US
Mike Anderson;US
Mike Anderson;US
Red Anderson;US
Rick Anderson;US
Rick Anderson;US
Scott Anderson;US
Sparky Anderson;US
Varney Anderson;US
Walter Anderson;US
Wingo Anderson;US
Robert Andino;US
Steve Andrade;US
John André;US
Ernie Andres;US
Kim Andrew;US
Clayton Andrews;US
Ed Andrews;US
Elbert Andrews;US
Fred Andrews;US
Hub Andrews;US
Ivy Andrews;US
Jim Andrews;US
John Andrews;US
Mike Andrews;US
Nate Andrews;US
Rob Andrews;US
Shane Andrews;US
Stan Andrews;US
Wally Andrews;US
Bill Andrus;US
Elvis Andrus;US
Fred Andrus;US
Wiman Andrus;US
Joaquín Andújar;US
Luis Andújar;US
Norm Angelini;US
Matt Angle;US
Tom Angley;US
Pat Ankenman;US
Rick Ankiel;US
Bill Annis;US
Cap Anson;US
Eric Anthony;US
Joe Antolick;US
John Antonelli;US
Johnny Antonelli;US
Matt Antonelli;US
Bill Antonello;US
Norichika Aoki;US
Luis Aparicio;US
Bob Apodaca;US
Luis Aponte;US
Kevin Appier;US
Fred Applegate;US
Ed Appleton;US
Pete Appleton;US
Luke Appling;US
Greg Aquino;US
Luis Aquino;US
Ángel Aragón;US
Jack Aragón;US
Maurice Archdeacon;US
Fred Archer;US
Jim Archer;US
Jimmy Archer;US
George Archie;US
José Arcia;US
Dan Ardell;US
Rugger Ardizoia;US
Joe Ardner;US
Danny Ardoin;US
Frank Arellanes;US
J. P. Arencibia;US
Hank Arft;US
Alberto Árias;US
Alex Arias;US
George Arias;US
Joaquín Árias;US
Rudy Arias;US
Buzz Arlett;US
Don Arlich;US
Steve Arlin;US
Marcos Armas;US
Tony Armas;US
Tony Armas;US
Ed Armbrister;US
Orville Armbrust;US
Charlie Armbruster;US
Harry Armbruster;US
George Armstrong;US
Howard Armstrong;US
Jack Armstrong;US
Mike Armstrong;US
Robert Armstrong;US
Harry Arndt;US
Larry Arndt;US
Billy Arnold;US
Chris Arnold;US
Jamie Arnold;US
Scott Arnold;US
Tony Arnold;US
Morrie Arnovich;US
Brad Arnsberg;US
Orie Arntzen;US
René Arocha;US
José Arredondo;US
Jake Arrieta;US
Gerry Arrigo;US
Rolando Arrojo;US
Bronson Arroyo;US
Fernando Arroyo;US
Luis Arroyo;US
Rudy Arroyo;US
Harry Arundel;US
Tug Arundel;US
Randy Asadoor;US
Jim Asbell;US
Casper Asbjornson;US
José Ascanio;US
Jairo Asencio;US
Miguel Asencio;US
Ken Ash;US
Richie Ashburn;US
Alan Ashby;US
Andy Ashby;US
Tucker Ashford;US
Billy Ashley;US
Tom Asmussen;US
Bob Aspromonte;US
Ken Aspromonte;US
Brian Asselstine;US
Paul Assenmacher;US
Ezequiel Astacio;US
Pedro Astacio;US
Joe Astroth;US
Scott Atchison;US
Justin Atchley;US
Charlie Atherton;US
Keith Atherton;US
Luis Atilano;US
Garrett Atkins;US
James Atkins;US
Mitch Atkins;US
Tommy Atkins;US
Al Atkinson;US
Bill Atkinson;US
Ed Atkinson;US
Lefty Atkinson;US
Dick Attreau;US
Toby Atwell;US
Bill Atwood;US
Jake Atz;US
Chub Aubrey;US
Michael Aubrey;US
Derek Aucoin;US
Rich Aude;US
Rick Auerbach;US
Bryan Augenstein;US
Don August;US
Dave Augustine;US
Jerry Augustine;US
Elden Auker;US
Leslie Aulds;US
Doug Ault;US
Rich Aurilia;US
Joe Ausanio;US
Brad Ausmus;US
Dennis Aust;US
Henry Austin;US
Jeff Austin;US
Jim Austin;US
Jimmy Austin;US
Rick Austin;US
Al Autry;US
Chick Autry;US
Chick Autry;US
Bruce Aven;US
Earl Averill;US
Earl Averill Jr.;US
Steve Avery;US
Alex Avila;US
Bobby Ávila;US
Mike Avilés;US
Ramón Avilés;US
Jay Avrea;US
Dylan Axelrod;US
John Axford;US
Benny Ayala;US
Bobby Ayala;US
Luis Ayala;US
Erick Aybar;US
Manny Aybar;US
Willy Aybar;US
Jake Aydelott;US
Bill Ayers;US
Doc Ayers;US
Dick Aylward;US
Bob Ayrault;US
Joe Ayrault;US
Joe Azcue;US
Oscar Azócar;US
Charlie Babb;US
Bob Babcock;US
Johnny Babich;US
Shooty Babitt;US
Brandon Backe;US
Wally Backman;US
Mike Bacsik;US
Fred Baczewski;US
Art Bader;US
Lore Bader;US
Red Badgro;US
Ed Baecht;US
Cha Seung Baek;US
Carlos Baerga;US
Danys Báez;US
Kevin Baez;US
Jim Bagby;US
Jim Bagby;US
Jeff Bagwell;US
Stan Bahnsen;US
Ed Bahr;US
Frank Bahret;US
Scott Bailes;US
Bill Bailey;US
Bob Bailey;US
Cory Bailey;US
Ed Bailey;US
Gene Bailey;US
Homer Bailey;US
Jeff Bailey;US
Jim Bailey;US
King Bailey;US
Mark Bailey;US
Roger Bailey;US
Steve Bailey;US
Sweetbreads Bailey;US
Bob Bailor;US
Harold Baines;US
Doug Bair;US
Al Baird;US
Bob Baird;US
Doug Baird;US
Jeff Bajenaru;US
Al Baker;US
Bill Baker;US
Bock Baker;US
Chuck Baker;US
Dave Baker;US
Del Baker;US
Doug Baker;US
Dusty Baker;US
Floyd Baker;US
Frank Baker;US
"Frank ""Home Run"" Baker";US
Gene Baker;US
Howard Baker;US
Jack Baker;US
Jeff Baker;US
John Baker;US
Norm Baker;US
Scott Baker;US
Scott Baker;US
Tom Baker;US
Tom Baker;US
Tracy Baker;US
Paul Bako;US
John Balaz;US
Steve Balboni;US
Bobby Balcena;US
Rocco Baldelli;US
Jack Baldschun;US
Billy Baldwin;US
Dave Baldwin;US
Henry Baldwin;US
James Baldwin;US
Jeff Baldwin;US
Lady Baldwin;US
Mark Baldwin;US
Reggie Baldwin;US
John Bale;US
Wladimir Balentien;US
Lee Bales;US
Collin Balester;US
Grant Balfour;US
Art Ball;US
Jeff Ball;US
Neal Ball;US
Jeff Ballard;US
Pelham Ballenger;US
Jay Baller;US
Mark Ballinger;US
Win Ballou;US
Tony Balsamo;US
George Bamberger;US
Dave Bancroft;US
Chris Bando;US
Sal Bando;US
Eddie Bane;US
Dick Baney;US
Jeff Banister;US
Dan Bankhead;US
Scott Bankhead;US
Brian Banks;US
Ernie Banks ?;US
George Banks;US
Josh Banks;US
Willie Banks;US
Alan Bannister;US
Brian Bannister;US
Floyd Bannister;US
Jack Banta;US
Travis Baptist;US
Rod Barajas;US
Walter Barbare;US
Jap Barbeau;US
Steve Barber;US
Turner Barber;US
Frank Barberich;US
Bret Barberie;US
Jim Barbieri;US
George Barclay;US
Daniel Bard;US
Josh Bard;US
Brian Barden;US
Ray Bare;US
Jesse Barfield;US
John Barfield;US
Josh Barfield;US
Clyde Barfoot;US
Cy Barger;US
Brian Bark;US
Al Barker;US
Glen Barker;US
Kevin Barker;US
Len Barker;US
Ray Barker;US
Richie Barker;US
Sean Barker;US
Andy Barkett;US
Brian Barkley;US
Jeff Barkley;US
Red Barkley;US
Sam Barkley;US
Mike Barlow;US
Tom Barlow;US
Clint Barmes;US
Babe Barna;US
Bill Barnes;US
Brian Barnes;US
Frank Barnes;US
Honey Barnes;US
Jesse Barnes;US
John Barnes;US
Larry Barnes;US
Lute Barnes;US
Red Barnes;US
Rich Barnes;US
Ross Barnes;US
Sam Barnes;US
Skeeter Barnes;US
Virgil Barnes;US
Darwin Barney;US
Ed Barney;US
Rex Barney;US
Les Barnhart;US
Chris Barnwell;US
Salomé Barojas;US
Daniel Barone;US
Bob Barr;US
Jim Barr;US
Scotty Barr;US
Steve Barr;US
Cuno Barragan;US
Bill Barrett;US
Bill Barrett;US
Bob Barrett;US
Dick Barrett;US
Frank Barrett;US
Jimmy Barrett;US
John Barrett;US
Johnny Barrett;US
Marty Barrett;US
Michael Barrett;US
Red Barrett;US
Tim Barrett;US
Tom Barrett;US
Francisco Barrios;US
Manuel Barrios;US
Red Barron;US
Tony Barron;US
Ed Barry;US
Jack Barry;US
Jeff Barry;US
Kevin Barry;US
Rich Barry;US
Shad Barry;US
Kimera Bartee;US
Dick Bartell;US
Bob Barthelson;US
Les Bartholomew;US
Jason Bartlett;US
Boyd Bartley;US
Bob Barton;US
Brian Barton;US
Daric Barton;US
Shawn Barton;US
Vince Barton;US
Cliff Bartosh;US
Chris Ba?ak;US
Al Baschang;US
Monty Basgall;US
Walt Bashore;US
Eddie Basinski;US
Jim Baskette;US
Brian Bass;US
Dick Bass;US
Doc Bass;US
John Bass;US
Kevin Bass;US
Norm Bass;US
Randy Bass;US
Charley Bassett;US
Johnny Bassler;US
Charlie Bastian;US
Emil Batch;US
Joe Batchelder;US
Rich Batchelor;US
John Bateman;US
Billy Bates;US
Bud Bates;US
Del Bates;US
Dick Bates;US
Jason Bates;US
Johnny Bates;US
Ray Bates;US
Bill Bathe;US
Miguel Batista;US
Rafael Batista;US
Tony Batista;US
Kevin Batiste;US
Kim Batiste;US
George Batten;US
Earl Battey;US
Joe Battin;US
Allen Battle;US
Howard Battle;US
Jim Battle;US
Chris Batton;US
Matt Batts;US
Hank Bauer;US
Lou Bauer;US
Rick Bauer;US
Russ Bauers;US
Justin Baughman;US
Frank Baumann;US
Paddy Baumann;US
Jim Baumer;US
Ross Baumgarten;US
Stan Baumgartner;US
Frank Baumholtz;US
George Bausewine;US
Danny Bautista;US
Denny Bautista;US
José Bautista;US
Jim Baxes;US
Mike Baxes;US
Moose Baxter;US
Harry Bay;US
Jason Bay;US
Jonah Bayliss;US
Don Baylor;US
Bill Bayne;US
Yorman Bazardo;US
Brandon Beachy;US
Bob Beall;US
Johnny Beall;US
Walter Beall;US
Tommy Beals;US
Ernie Beam;US
T. J. Beam;US
Charlie Beamon;US
Charlie Beamon Jr.;US
Trey Beamon;US
Belve Bean;US
Billy Bean;US
Colter Bean;US
Billy Beane;US
Dave Beard;US
Ollie Beard;US
Ralph Beard;US
Gene Bearden;US
Gary Beare;US
Larry Bearnarth;US
Kevin Bearse;US
Chris Beasley;US
Lew Beasley;US
Ed Beatin;US
Jim Beattie;US
Blaine Beatty;US
Jim Beauchamp;US
Ginger Beaumont;US
Ed Beavens;US
Johnny Beazley;US
Steve Bechler;US
George Bechtel;US
Boom-Boom Beck;US
Erve Beck;US
Frank Beck;US
Fred Beck;US
George Beck;US
Rich Beck;US
Rod Beck;US
Zinn Beck;US
Beals Becker;US
Heinie Beckendorf;US
Heinz Becker;US
Joe Becker;US
Rich Becker;US
Glenn Beckert;US
Josh Beckett;US
Robbie Beckett;US
Gordon Beckham;US
Jake Beckley;US
Bill Beckmann;US
Joe Beckwith;US
Julio Bécquer;US
Érik Bédard;US
Gene Bedford;US
Phil Bedgood;US
Hugh Bedient;US
Steve Bedrosian;US
Fred Beebe;US
Matt Beech;US
Ed Beecher;US
Jodie Beeler;US
Fred Beene;US
Clarence Beers;US
Jim Begley;US
Joe Beggs;US
Petie Behan;US
Rick Behenna;US
Hank Behrman;US
Joe Beimel;US
Kevin Beirne;US
Ollie Bejma;US
Mark Belanger;US
Wayne Belardi;US
Kevin Belcher;US
Tim Belcher;US
Stan Belinda;US
Bo Belinsky;US
Matt Belisle;US
Todd Belitz;US
Tim Belk;US
Beau Bell;US
Bill Bell;US
Buddy Bell;US
Charlie Bell;US
David Bell;US
Derek Bell;US
Eric Bell;US
Frank Bell;US
Gary Bell;US
George Bell;US
George Bell;US
Gus Bell;US
Heath Bell;US
Hi Bell;US
Jay Bell;US
Jerry Bell;US
Juan Bell;US
Kevin Bell;US
Les Bell;US
Mike Bell;US
Rob Bell;US
Rudy Bell;US
Zeke Bella;US
Steve Bellán;US
Albert Belle;US
Mark Bellhorn;US
Rafael Belliard;US
Ronnie Belliard;US
Clay Bellinger;US
Carlos Beltrán;US
Francis Beltrán;US
Rigo Beltrán;US
Adrián Beltré;US
Esteban Beltré;US
Harry Bemis;US
Marvin Benard;US
Freddie Benavides;US
Johnny Bench;US
Chief Bender;US
Art Benedict;US
Bruce Benedict;US
Alan Benes;US
Andy Benes;US
Ray Benge;US
Benny Bengough;US
Juan Beníquez;US
Armando Benítez;US
Yamil Benítez;US
Mike Benjamin;US
Stan Benjamin;US
Henry Benn;US
Ike Benners;US
Charlie Bennett;US
Dave Bennett;US
Dennis Bennett;US
Erik Bennett;US
Frank Bennett;US
Gary Bennett;US
Herschel Bennett;US
Jeff Bennett;US
Joe Bennett;US
Joel Bennett;US
Shayne Bennett;US
Joaquín Benoit;US
Kris Benson;US
Vern Benson;US
Cy Bentley;US
Jack Bentley;US
Al Benton;US
Butch Benton;US
Larry Benton;US
Rabbit Benton;US
Rube Benton;US
Sid Benton;US
Chad Bentz;US
Joe Benz;US
Todd Benzinger;US
Johnny Berardino;US
Lou Berberet;US
Jeff Berblinger;US
Jason Bere;US
Juan Berenguer;US
Bruce Berenyi;US
Dave Berg;US
Moe Berg;US
Augie Bergamo;US
Bill Bergen;US
Marty Bergen;US
Boze Berger;US
Brandon Berger;US
Heinie Berger;US
Johnny Berger;US
Tun Berger;US
Wally Berger;US
Peter Bergeron;US
John Bergh;US
Al Bergman;US
Dave Bergman;US
Dusty Bergman;US
Sean Bergman;US
Jason Bergmann;US
William Bergolla;US
Nate Berkenstock;US
Lance Berkman;US
Jack Berly;US
Roger Bernadina;US
Dwight Bernard;US
Joe Bernard;US
Tony Bernazard;US
Adam Bernero;US
Bill Bernhard;US
Juan Bernhardt;US
Walter Bernhardt;US
Dale Berra;US
Yogi Berra;US
Ray Berres;US
Ángel Berroa;US
Gerónimo Berroa;US
Charlie Berry;US
Claude Berry;US
Joe Berry;US
Ken Berry;US
Neil Berry;US
Sean Berry;US
Tom Berry;US
Damon Berryhill;US
Frank Bertaina;US
Harry Berte;US
Dick Bertell;US
Reno Bertoia;US
Mike Bertotti;US
Lefty Bertrand;US
Andrés Berumen;US
Fred Besana;US
Bob Bescher;US
Don Bessent;US
Karl Best;US
William Bestick;US
Rafael Betancourt;US
Yuniesky Betancourt;US
Frank Betcher;US
Wilson Betemit;US
Larry Bettencourt;US
Huck Betts;US
Bruno Betzel;US
Kurt Bevacqua;US
Hal Bevan;US
Bill Bevens;US
Jason Beverlin;US
Ben Beville;US
Monte Beville;US
Buddy Biancalana;US
Hank Biasatti;US
Jim Bibby;US
Dante Bichette;US
Vern Bickford;US
Charlie Bicknell;US
Rocky Biddle;US
Oscar Bielaski;US
Mike Bielecki;US
Nick Bierbrodt;US
Randor Bierd;US
Charlie Bierman;US
Steve Bieser;US
Carson Bigbee;US
Lyle Bigbee;US
Larry Bigbie;US
Elliot Bigelow;US
Craig Biggio;US
Larry Biittner;US
Dann Bilardello;US
Emil Bildilli;US
Steve Bilko;US
Harry Billiard;US
Jack Billingham;US
Dick Billings;US
Josh Billings;US
Brent Billingsley;US
Chad Billingsley;US
George Binks;US
Steve Biras;US
Jud Birchall;US
Doug Bird;US
George Bird;US
Mike Birkbeck;US
Kurt Birkins;US
Ralph Birkofer;US
Joe Birmingham;US
Babe Birrer;US
Tim Birtsas;US
John Bischoff;US
Joseph Bisenius;US
Bill Bishop;US
Charlie Bishop;US
Jim Bishop;US
Lloyd Bishop;US
Max Bishop;US
Mike Bishop;US
Rivington Bisland;US
Del Bissonette;US
Hiram Bithorn;US
Joe Bitker;US
Jeff Bittiger;US
Red Bittmann;US
Brian Bixler;US
George Bjorkman;US
Bud Black;US
Bud Black;US
Dave Black;US
Don Black;US
Joe Black;US
Earl Blackburn;US
George Blackburn;US
Nick Blackburn;US
Lena Blackburne;US
Travis Blackley;US
Ewell Blackwell;US
Tim Blackwell;US
Ray Blades;US
Rick Bladt;US
George Blaeholder;US
Bill Blair;US
Dennis Blair;US
Footsie Blair;US
Paul Blair;US
Walter Blair;US
Willie Blair;US
Dick Blaisdell;US
Casey Blake;US
Ed Blake;US
Harry Blake;US
Sheriff Blake;US
Hank Blalock;US
Johnny Blanchard;US
Andrés Blanco;US
Dámaso Blanco;US
Gregor Blanco;US
Henry Blanco;US
Ossie Blanco;US
Tony Blanco;US
Fred Blanding;US
Cliff Blankenship;US
Kevin Blankenship;US
Lance Blankenship;US
Ted Blankenship;US
Larvell Blanks;US
Cy Blanton;US
Joe Blanton;US
Don Blasingame;US
Wade Blasingame;US
Steve Blateric;US
Johnny Blatnik;US
Buddy Blattner;US
Jeff Blauser;US
Henry Blauvelt;US
Gary Blaylock;US
Ron Blazier;US
Curt Blefary;US
Ike Blessitt;US
Clarence Blethen;US
Jerry Blevins;US
Ned Bligh;US
Elmer Bliss;US
Jack Bliss;US
Bruno Block;US
Cy Block;US
Terry Blocker;US
Ron Blomberg;US
Jimmy Bloodworth;US
Willie Bloomquist;US
Greg Blosser;US
Jack Blott;US
Mike Blowers;US
Lu Blue;US
Vida Blue;US
Ossie Bluege;US
Jim Bluejacket;US
Red Bluhm;US
Geoff Blum;US
Bert Blyleven;US
Mike Blyzka;US
Chet Boak;US
Frederick Boardman;US
Randy Bobb;US
Hiram Bocachica;US
John Boccabella;US
Milt Bocek;US
Bruce Bochte;US
Doug Bochtler;US
Bruce Bochy;US
Eddie Bockman;US
Randy Bockus;US
Brian Bocock;US
Mike Boddicker;US
Ping Bodie;US
Tony Boeckel;US
George Boehler;US
Len Boehmer;US
Brian Boehringer;US
Larry Boerner;US
Brennan Boesch;US
Joe Boever;US
Tim Bogar;US
Terry Bogener;US
Brandon Boggs;US
Mitchell Boggs;US
Tommy Boggs;US
Wade Boggs ?;US
Brian Bogusevic;US
Brian Bohanon;US
T. J. Bohn;US
Sam Bohne;US
John Bohnet;US
Bruce Boisclair;US
Dan Boitano;US
Bernie Boland;US
Charlie Bold;US
Stew Bolen;US
Joe Boley;US
Jim Bolger;US
Frank Bolick;US
Bobby Bolin;US
Frank Bolling;US
Jack Bolling;US
Milt Bolling;US
Don Bollweg;US
Cecil Bolton;US
Rodney Bolton;US
Tom Bolton;US
Rodney Bolton;US
Mark Bomback;US
Tommy Bond;US
Walt Bond;US
Jeremy Bonderman;US
Barry Bonds;US
Bobby Bonds;US
George Bone;US
Ricky Bones;US
Julio Bonetti;US
Hank Boney;US
Jung Bong;US
Nino Bongiovanni;US
Bill Bonham;US
Tiny Bonham;US
Emilio Bonifacio;US
Joe Bonikowski;US
Eddie Bonine;US
Bobby Bonilla;US
Juan Bonilla;US
Barry Bonnell;US
Bobby Bonner;US
Frank Bonner;US
Bill Bonness;US
Boof Bonser;US
Zeke Bonura;US
Everitt Booe;US
Buddy Booker;US
Chris Booker;US
Greg Booker;US
Rod Booker;US
Red Booles;US
Aaron Boone;US
Bob Boone;US
Bret Boone;US
Dan Boone;US
Danny Boone;US
Ike Boone;US
Lute Boone;US
Ray Boone;US
Chris Bootcheck;US
Eddie Booth;US
Josh Booty;US
John Boozer;US
Pedro Borbón;US
Pedro Borbón;US
Joe Borchard;US
George Borchers;US
Frenchy Bordagaray;US
Joe Borden;US
Pat Borders;US
Rich Bordi;US
Mike Bordick;US
Glenn Borgmann;US
Paul Boris;US
Frank Bork;US
Bob Borkowski;US
Dave Borkowski;US
Toby Borland;US
Tom Borland;US
Red Borom;US
Steve Boros;US
Joe Borowski;US
Hank Borowy;US
Babe Borton;US
Don Bosch;US
Rick Bosetti;US
Chris Bosio;US
Shawn Boskie;US
Thad Bosley;US
Dick Bosman;US
Harley Boss;US
Mel Bosser;US
Lyman Bostock;US
Daryl Boston;US
Dave Boswell;US
Ken Boswell;US
Derek Botelho;US
Ricky Bottalico;US
John Bottarini;US
Kent Bottenfield;US
Ralph Botting;US
Jim Bottomley;US
Jason Botts;US
Bob Botz;US
Ed Bouchee;US
Denis Boucher;US
Lou Boudreau;US
Carl Bouldin;US
Steve Bourgeois;US
Peter Bourjos;US
Michael Bourn;US
Rafael Bournigal;US
Pat Bourque;US
Jim Bouton;US
Mike Bovee;US
Larry Bowa;US
Benny Bowcock;US
Michael Bowden;US
Rob Bowen;US
Ryan Bowen;US
Sam Bowen;US
Sam Bowens;US
Frank Bowerman;US
Brent Bowers;US
Cedrick Bowers;US
Shane Bowers;US
Stew Bowers;US
Jim Bowie;US
Micah Bowie;US
John Bowker;US
Charlie Bowles;US
Weldon Bowlin;US
Steve Bowling;US
Abe Bowman;US
Bill Bowman;US
Bob Bowman;US
Elmer Bowman;US
Ernie Bowman;US
Joe Bowman;US
Sumner Bowman;US
Ted Bowsfield;US
Travis Bowyer;US
Bill Boyd;US
Bob Boyd;US
Gary Boyd;US
Jason Boyd;US
Oil Can Boyd;US
Blaine Boyer;US
Clete Boyer;US
Cloyd Boyer;US
Ken Boyer;US
Doe Boyland;US
Buzz Boyle;US
Eddie Boyle;US
Jack Boyle;US
Gene Brabender;US
Gibby Brack;US
Jack Bracken;US
Dallas Braden;US
John Brackenridge;US
Bill Bradford;US
Buddy Bradford;US
Chad Bradford;US
Bill Bradley;US
Foghorn Bradley;US
George Bradley;US
Herb Bradley;US
Hugh Bradley;US
Jack Bradley;US
Mark Bradley;US
Milton Bradley;US
Phil Bradley;US
Ryan Bradley;US
Scott Bradley;US
Tom Bradley;US
Dallas Bradshaw;US
Joe Bradshaw;US
Terry Bradshaw;US
Brian Brady;US
Cliff Brady;US
Doug Brady;US
King Brady;US
Neal Brady;US
Spike Brady;US
Bobby Bragan;US
Darren Bragg;US
Dick Braggins;US
Glenn Braggs;US
Dave Brain;US
Asa Brainard;US
Erv Brame;US
Art Bramhall;US
Ralph Branca;US
Al Brancato;US
Norm Branch;US
Roy Branch;US
Ron Brand;US
Mark Brandenburg;US
Bucky Brandon;US
Ed Brandt;US
Jackie Brandt;US
Mike Brannock;US
Kitty Bransfield;US
Jeff Branson;US
Marshall Brant;US
Cliff Brantley;US
Jeff Brantley;US
Mickey Brantley;US
Russell Branyan;US
Fred Bratschi;US
Ryan Braun;US
Ryan Braun;US
Steve Braun;US
Ángel Bravo;US
Garland Braxton;US
Bill Bray;US
Buster Bray;US
Craig Brazell;US
Dewon Brazelton;US
Frank Brazill;US
Al Brazle;US
Yhency Brazobán;US
Lesli Brea;US
Sid Bream;US
Jim Breazeale;US
Harry Brecheen;US
Brent Brede;US
Danny Breeden;US
Hal Breeden;US
Marv Breeding;US
Fred Breining;US
Alonzo Breitenstein;US
Ted Breitenstein;US
Bob Brenly;US
Ad Brennan;US
Don Brennan;US
Jack Brennan;US
Tom Brennan;US
William Brennan;US
Jim Brenneman;US
Bert Brenner;US
Lynn Brenton;US
Bill Brenzel;US
Craig Breslow;US
Roger Bresnahan;US
Rube Bressler;US
Eddie Bressoud;US
George Brett;US
Herb Brett;US
Ken Brett;US
Billy Brewer;US
Chet Brewer;US
Jack Brewer;US
Jim Brewer;US
Rod Brewer;US
Tom Brewer;US
Tony Brewer;US
Jamie Brewington;US
Charlie Brewster;US
Fred Brickell;US
Fritz Brickell;US
Ralph Brickner;US
Jim Brideweser;US
Marshall Bridges;US
Rocky Bridges;US
Tommy Bridges;US
Al Bridwell;US
Bunny Brief;US
Buttons Briggs;US
Dan Briggs;US
John Briggs;US
Johnny Briggs;US
Harry Bright;US
Nelson Briles;US
Greg Briley;US
Frank Brill;US
Jim Brillheart;US
Bill Brinker;US
Chuck Brinkman;US
Ed Brinkman;US
Leon Brinkopf;US
John Briscoe;US
Lou Brissie;US
George Bristow;US
Bernardo Brito;US
Eude Brito;US
Jorge Brito;US
Juan Brito;US
Tilson Brito;US
Jim Britt;US
Jack Brittin;US
Chris Britton;US
Jim Britton;US
Zach Britton;US
Tony Brizzolara;US
Johnny Broaca;US
Lance Broadway;US
Pete Broberg;US
Doug Brocail;US
Greg Brock;US
John Brock;US
Lou Brock;US
Matt Broderick;US
Lew Brockett;US
Steve Brodie;US
Dick Brodowski;US
Ernie Broglio;US
Rico Brogna;US
Jack Brohamer;US
Troy Brohawn;US
Jeff Bronkey;US
Herman Bronkie;US
Jim Bronstad;US
Ike Brookens;US
Tom Brookens;US
Bobby Brooks;US
Frank Brooks;US
Hubie Brooks;US
Jerry Brooks;US
Scott Brosius;US
Jim Brosnan;US
Terry Bross;US
Mark Brouhard;US
Ben Broussard;US
Dan Brouthers;US
Joe Brovia;US
Scott Brow;US
Bob Brower;US
Frank Brower;US
Jim Brower;US
Louis Brower;US
Adrian Brown;US
Alton Brown;US
Andrew Brown;US
Bob Brown;US
Bobby Brown;US
Boardwalk Brown;US
Brant Brown;US
Buster Brown;US
Charlie Brown;US
Chris Brown;US
Clint Brown;US
Curt Brown;US
Curtis Brown;US
Darrell Brown;US
Dee Brown;US
Dick Brown;US
Ed Brown;US
Eddie Brown;US
Elmer Brown;US
Emil Brown;US
Fred Brown;US
Gates Brown;US
Hal Brown;US
Ike Brown;US
Jackie Brown;US
Jamie Brown;US
Jarvis Brown;US
Jeremy Brown;US
Jim Brown;US
Jimmy Brown;US
John Brown;US
Jumbo Brown;US
Keith Brown;US
Kevin Brown;US
Larry Brown;US
Leon Brown;US
Lew Brown;US
Lindsay Brown;US
Lloyd Brown;US
Mace Brown;US
Mark Brown;US
Marty Brown;US
Mike Brown;US
"Mordecai ""Three Finger"" Brown";US
Ollie Brown;US
Paul Brown;US
Randy Brown;US
Robert Brown;US
Roosevelt Brown;US
Scott Brown;US
Steve Brown;US
Tom Brown;US
Tommy Brown;US
Walter Brown;US
Willard Brown;US
Byron Browne;US
George Browne;US
Jerry Browne;US
Frank Browning;US
Pete Browning;US
Tom Browning;US
Mark Brownson;US
Jonathan Broxton;US
Bruce Brubaker;US
Bob Bruce;US
Jay Bruce;US
Fred Bruckbauer;US
Earle Brucker Sr.;US
Earle Brucker Jr.;US
Andy Bruckmiller;US
J. T. Bruett;US
Cliff Brumbaugh;US
Jacob Brumfield;US
Duff Brumley;US
Mike Brumley;US
Glenn Brummer;US
Greg Brummett;US
Tom Brunansky;US
Jack Bruner;US
Roy Bruner;US
George Brunet;US
Justin Brunette;US
Brian Bruney;US
Tom Bruno;US
Arlo Brunsberg;US
Will Brunson;US
Eric Bruntlett;US
Jim Bruske;US
Warren Brusstar;US
Bill Bruton;US
Billy Bryan;US
Clay Bryant;US
Derek Bryant;US
Don Bryant;US
Ralph Bryant;US
Ron Bryant;US
T. R. Bryden;US
Steve Brye;US
Jaime Bubela;US
Johnny Bucha;US
Bob Buchanan;US
Brian Buchanan;US
Jim Buchanan;US
Jim Bucher;US
Jerry Buchek;US
Jim Bucher;US
Clay Buchholz;US
Taylor Buchholz;US
John Buck;US
Travis Buck;US
Garland Buckeye;US
Fred Buckingham;US
Jess Buckles;US
John Buckley;US
Kevin Buckley;US
Bill Buckner;US
Billy Buckner;US
Jay Budd;US
Mike Buddie;US
Don Buddin;US
Mark Budzinski;US
Steve Buechele;US
Mark Buehrle;US
Fritz Buelow;US
Francisley Bueno;US
Charlie Buffinton;US
Damon Buford;US
Don Buford;US
Bob Buhl;US
Jay Buhner;US
DeWayne Buice;US
Cy Buker;US
Ryan Bukvich;US
Jason Bulger;US
Scott Bullett;US
Jim Bullinger;US
Kirk Bullinger;US
Bryan Bullington;US
Eric Bullock;US
Red Bullock;US
Al Bumbry;US
Madison Bumgarner;US
Nate Bump;US
Melvin Bunch;US
Wally Bunker;US
Jim Bunning ?;US
Dave Burba;US
Bill Burbach;US
Nelson Burbrink;US
Al Burch;US
Ernie Burch;US
Larry Burchart;US
Fred Burchell;US
Bob Burda;US
Lew Burdette;US
Jack Burdock;US
Smoky Burgess;US
Tom Burgess;US
Tom Burgmeier;US
Bill Burgo;US
Ambiorix Burgos;US
Enrique Burgos;US
Bill Burich;US
Mack Burk;US
Sandy Burk;US
Elmer Burkart;US
Bill Burke;US
Bobby Burke;US
Chris Burke;US
Dan Burke;US
Eddie Burke;US
Frank Burke;US
Glenn Burke;US
Jamie Burke;US
Jimmy Burke;US
John Burke;US
Leo Burke;US
Les Burke;US
Mike Burke;US
Steve Burke;US
Tim Burke;US
Jesse Burkett;US
John Burkett;US
Ken Burkhart;US
Morgan Burkhart;US
Ellis Burks;US
Rick Burleson;US
A. J. Burnett;US
Hercules Burnett;US
Johnny Burnett;US
Sean Burnett;US
Wally Burnette;US
Jeromy Burnitz;US
Bill Burns;US
Britt Burns;US
Dick Burns;US
Ed Burns;US
Farmer Burns;US
George Burns;US
Jack Burns;US
Mike Burns;US
Oyster Burns;US
Todd Burns;US
Tom Burns;US
Pete Burnside;US
Sheldon Burnside;US
Alex Burr;US
Buster Burrell;US
Pat Burrell;US
Brian Burres;US
Larry Burright;US
Ray Burris;US
Emmanuel Burriss;US
Jeff Burroughs;US
Sean Burroughs;US
John Burrows;US
Terry Burrows;US
Dick Burrus;US
Ellis Burton;US
Jared Burton;US
Jim Burton;US
Moe Burtschy;US
Bill Burwell;US
Dick Burwell;US
Jim Busby;US
Paul Busby;US
Steve Busby;US
Mike Busch;US
Brian Buscher;US
Bullet Joe Bush;US
Dave Bush;US
Donie Bush;US
Guy Bush;US
Homer Bush;US
Randy Bush;US
Jack Bushelman;US
Frank Bushey;US
Chris Bushing;US
Doc Bushong;US
Mike Buskey;US
Tom Buskey;US
Hank Butcher;US
John Butcher;US
Max Butcher;US
Mike Butcher;US
Sal Butera;US
Bill Butland;US
Bill Butler;US
Billy Butler;US
Brent Butler;US
Brett Butler;US
Charlie Butler;US
Ike Butler;US
John Butler;US
Johnny Butler;US
Rich Butler;US
Rob Butler;US
Ralph Buxton;US
Joe Buzas;US
John Buzhardt;US
Bud Byerly;US
Freddie Bynum;US
Mike Bynum;US
Bill Byrd;US
Harry Byrd;US
Jeff Byrd;US
Jim Byrd;US
Marlon Byrd;US
Paul Byrd;US
Sammy Byrd;US
Tim Byrdak;US
Bobby Byrne;US
Tommy Byrne;US
Eric Byrnes;US
Marty Bystrom;US
Enos Cabell;US
Al Cabrera;US
Alex Cabrera;US
Asdrúbal Cabrera;US
Daniel Cabrera;US
Everth Cabrera;US
Fernando Cabrera;US
Francisco Cabrera;US
Jolbert Cabrera;US
José Cabrera;US
Melky Cabrera;US
Miguel Cabrera;US
Orlando Cabrera;US
Greg Cadaret;US
Charlie Cady;US
Hick Cady;US
Wayne Cage;US
Trevor Cahill;US
Bob Cain;US
Les Cain;US
Lorenzo Cain;US
Matt Cain;US
Sugar Cain;US
Cam Cairncross;US
Miguel Cairo;US
Iván Calderón;US
Charlie Caldwell;US
Earl Caldwell;US
Mike Caldwell;US
Ralph Caldwell;US
Ray Caldwell;US
Kiko Calero;US
Jeff Calhoun;US
Carmen Cali;US
Fred Caligiuri;US
Will Calihan;US
Ben Callahan;US
Joe Callahan;US
John Callahan;US
John Callahan;US
Nixey Callahan;US
Alberto Callaspo;US
Mickey Callaway;US
Johnny Callison;US
Ron Calloway;US
Napoleón Calzado;US
Ernie Camacho;US
Kevin Cameron;US
Mike Cameron;US
Dolph Camilli;US
Doug Camilli;US
Ken Caminiti;US
Eric Cammack;US
Howie Camnitz;US
Howie Camp;US
Rick Camp;US
Shawn Camp;US
Tony Campana;US
Roy Campanella ?;US
Bert Campaneris;US
Al Campanis;US
Jim Campanis;US
Count Campau;US
Archie Campbell;US
Bill Campbell;US
Bruce Campbell;US
Dave Campbell ;US
Dave Campbell;US
Hugh Campbell;US
Jim Campbell;US
Jim Campbell;US
Jim Campbell;US
Kevin Campbell;US
Mike Campbell;US
Mike Campbell;US
Soup Campbell;US
Cardell Camper;US
Jorge Campillo;US
Sil Campusano;US
George Canale;US
Robinson Cancel;US
Casey Candaele;US
Milo Candini;US
Tom Candiotti;US
John Cangelosi;US
Jay Canizaro;US
Andy Cannizaro;US
Chris Cannizzaro;US
Joe Cannon;US
José Canó;US
Robinson Canó;US
José Canseco;US
Ozzie Canseco;US
Mike Cantwell;US
Doug Capilla;US
Matt Capps;US
George Cappuzzello;US
Buzz Capra;US
Nick Capra;US
Ralph Capron;US
Bernie Carbo;US
José Cardenal;US
Leo Cárdenas;US
Conrad Cardinal;US
Don Cardwell;US
Rod Carew;US
Andy Carey;US
Max Carey;US
Paul Carey;US
Tom Carey;US
Tom Carey;US
Lew Carl;US
Jim Carleton;US
Walter Carlisle;US
Cisco Carlos;US
Dan Carlson;US
Hal Carlson;US
Jesse Carlson;US
Leon Carlson;US
Swede Carlstrom;US
Steve Carlton;US
Buddy Carlyle;US
Cleo Carlyle;US
Roy Carlyle;US
Don Carman;US
Duke Carmel;US
Fausto Carmona;US
Rafael Carmona;US
Eddie Carnett;US
Pat Carney;US
Bob Carpenter;US
Bubba Carpenter;US
Chris Carpenter;US
Cris Carpenter;US
Hick Carpenter;US
Charlie Carr;US
Chuck Carr;US
Giovanni Carrara;US
D. J. Carrasco;US
Héctor Carrasco;US
Alex Carrasquel;US
Chico Carrasquel;US
Cam Carreon;US
Mark Carreon;US
Bill Carrigan;US
Don Carrithers;US
Brett Carroll;US
Chick Carroll;US
Clay Carroll;US
Cliff Carroll;US
Dick Carroll;US
Doc Carroll;US
Ed Carroll;US
Fred Carroll;US
Jamey Carroll;US
Ownie Carroll;US
Pat Carroll;US
Scrappy Carroll;US
Tom Carroll;US
Kid Carsey;US
Matt Carson;US
Kit Carson;US
Andy Carter;US
Arnold Carter;US
Blackie Carter;US
Gary Carter;US
Joe Carter;US
Lance Carter;US
Sol Carter;US
Ed Cartwright;US
Rico Carty;US
Scott Cary;US
Jerry Casale;US
Paul Casanova;US
Raul Casanova;US
Joe Cascarella;US
Doc Casey;US
Sean Casey;US
Dave Cash;US
Kevin Cash;US
Norm Cash;US
Ron Cash;US
Craig Caskey;US
Jack Cassel;US
Joe Cassidy;US
John Cassidy;US
Pete Cassidy;US
Scott Cassidy;US
Pedro Castellano;US
Jim Castiglia;US
Vinny Castilla;US
Alberto Castillo;US
Alberto Castillo;US
Bobby Castillo;US
Braulio Castillo;US
Carlos Castillo;US
Carmen Castillo;US
Frank Castillo;US
José Castillo;US
Juan Castillo;US
Juan Castillo;US
Luis Castillo;US
Manny Castillo;US
Marty Castillo;US
Tony Castillo;US
Tony Castillo;US
Wilkin Castillo;US
John Castino;US
Don Castle;US
Foster Castleman;US
Roy Castleton;US
Paul Castner;US
Kory Casto;US
Bernie Castro;US
Bill Castro;US
Fabio Castro;US
Juan Castro;US
Lou Castro;US
Ramón Castro;US
Ramón Castro;US
Frank Catalanotto;US
Troy Cate;US
Danny Cater;US
John Cattanach;US
Red Causey;US
James Cavanagh;US
Phil Cavarretta;US
Andy Cavazos;US
Rex Cecil;US
Andújar Cedeño;US
César Cedeño;US
Domingo Cedeño;US
Roger Cedeño;US
Ronny Cedeño;US
Orlando Cepeda;US
Matt Cepicky;US
Mike Cervenak;US
Ron Cey;US
Gustavo Chacín;US
Elio Chacón;US
Shawn Chacón;US
Chet Chadbourne;US
Leon Chagnon;US
Bob Chakales;US
Dave Chalk;US
Elton Chamberlain;US
Joba Chamberlain;US
Wes Chamberlain;US
Al Chambers;US
Cliff Chambers;US
Rome Chambers;US
Chris Chambliss;US
Mike Champion;US
Bob Chance;US
Frank Chance;US
Spud Chandler;US
Darrel Chaney;US
Esty Chaney;US
Les Channell;US
Ed Chaplin;US
Ben Chapman;US
Frank Chapman;US
Fred Chapman;US
Glenn Chapman;US
Harry Chapman;US
Jack Chapman;US
Kelvin Chapman;US
Ray Chapman;US
Sam Chapman;US
Travis Chapman;US
Harry Chappas;US
Larry Chappell;US
Joe Charboneau;US
Pete Charton;US
Hal Chase;US
Ken Chase;US
Anthony Chavez;US
Endy Chávez;US
Eric Chavez;US
Jesse Chavez;US
Raúl Chávez;US
Charlie Chech;US
Robinson Checo;US
Harry Cheek;US
Bruce Chen;US
Larry Cheney;US
Tom Cheney;US
Rocky Cherry;US
Paul Chervinko;US
Jack Chesbro;US
Mitch Chetkovich;US
Scott Chiamparino;US
Scott Chiasson;US
Travis Chick;US
Matt Chico;US
Floyd Chiffer;US
Jason Childers;US
Rocky Childress;US
Cupid Childs;US
Pete Childs;US
Rich Chiles;US
Lou Chiozza;US
Bob Chipman;US
Harry Chiti;US
Nelson Chittum;US
Randy Choate;US
Hee-Seop Choi;US
Shin-Soo Choo;US
Bobby Chouinard;US
Felix Chouinard;US
Chief Chouneau;US
Bruce Christensen;US
John Christensen;US
McKay Christensen;US
Larry Christenson;US
Ryan Christenson;US
Neil Chrisley;US
Jason Christiansen;US
Mark Christman;US
Steve Christmas;US
Joe Christopher;US
Loyd Christopher;US
Mike Christopher;US
Russ Christopher;US
Bubba Church;US
Ryan Church;US
Darryl Cias;US
Joe Cicero;US
Eddie Cicotte;US
Ted Cieslak;US
Gino Cimoli;US
Alex Cintrón;US
Frank Cipriani;US
Jeff Cirillo;US
George Cisar;US
Galen Cisco;US
Ralph Citarella;US
Al Clancy;US
Bud Clancy;US
Jim Clancy;US
John Clapp;US
Stubby Clapp;US
Bob Clark;US
Bobby Clark;US
Bryan Clark;US
Cap Clark;US
Dad Clark;US
Danny Clark;US
George Clark;US
Ginger Clark;US
Howie Clark;US
Jack Clark;US
Jerald Clark;US
Jermaine Clark;US
Jim Clark;US
Mark Clark;US
Otey Clark;US
Pep Clark;US
Phil Clark;US
Ron Clark;US
Spider Clark;US
Terry Clark;US
Tony Clark;US
Will Clark;US
Dad Clarke;US
Boileryard Clarke;US
Fred Clarke;US
Stan Clarke;US
John Clarkson;US
Ellis Clary;US
Fritz Clausen;US
Al Clauss;US
Dain Clay;US
Danny Clay;US
Ken Clay;US
Royce Clayton;US
Mark Clear;US
Joe Cleary;US
Chet Clemens;US
Clem Clemens;US
Doug Clemens;US
Roger Clemens;US
Matt Clement;US
Edgard Clemente;US
Roberto Clemente;US
Jack Clements;US
Pat Clements;US
Lance Clemons;US
Verne Clemons;US
Tex Clevenger;US
Brent Clevlen;US
Harlond Clift;US
Monk Cline;US
Ty Cline;US
Gene Clines;US
Jim Clinton;US
Lou Clinton;US
Tyler Clippard;US
Tony Cloninger;US
Al Closter;US
Bill Clowers;US
Bill Clymer;US
Otis Clymer;US
Gil Coan;US
Jim Coates;US
Buck Coats;US
Ty Cobb;US
Dave Coble;US
George Cochran;US
Dave Cochrane;US
Mickey Cochrane;US
Pasqual Coco;US
Chris Codiroli;US
Jack Coffey;US
Dave Coggin;US
Rich Coggins;US
Ed Cogswell;US
Rocky Colavito;US
Craig Colbert;US
Nate Colbert;US
Jim Colborn;US
Greg Colbrunn;US
Alex Cole;US
King Cole;US
Stu Cole;US
Curt Coleman;US
Dave Coleman;US
Jerry Coleman;US
Joe Coleman;US
Joe Coleman;US
John Coleman;US
John Coleman;US
John Coleman;US
Michael Coleman;US
Ray Coleman;US
Rip Coleman;US
Vince Coleman;US
Cad Coles;US
Darnell Coles;US
Lou Collier;US
Dave Collins;US
Don Collins;US
Eddie Collins;US
Eddie Collins;US
Hub Collins;US
Jimmy Collins;US
Joe Collins;US
Orth Collins;US
Phil Collins;US
Ray Collins;US
Rip Collins;US
Rip Collins;US
Ripper Collins;US
Shano Collins;US
Wilson Collins;US
Jackie Collum;US
Jesús Colomé;US
Bartolo Colón;US
Cris Colón;US
Román Colón;US
Loyd Colson;US
Bob Coluccio;US
Steve Colyer;US
Geoff Combe;US
Earle Combs;US
Merl Combs;US
Pat Combs;US
Steve Comer;US
Charles Comiskey;US
Keith Comstock;US
Ralph Comstock;US
Dave Concepción;US
Onix Concepción;US
Ramón Conde;US
Clay Condrey;US
David Cone;US
Bunk Congalton;US
Billy Conigliaro;US
Tony Conigliaro;US
Jeff Conine;US
Jocko Conlan;US
Ed Conley;US
Gene Conley;US
Snipe Conley;US
Sarge Connally;US
Bill Connelly;US
Ed Connolly;US
Ed Connolly;US
Joe Connolly;US
Joe Connolly;US
Red Connolly;US
Joe Connor;US
John Connor;US
Ned Connor;US
Roger Connor;US
Bill Connors;US
Chuck Connors;US
Joe Connors;US
Brooks Conrad;US
Ben Conroy;US
Bill Conroy;US
Tim Conroy;US
Wid Conroy;US
Billy Consolo;US
Jim Constable;US
Sandy Consuegra;US
Jason Conti;US
José Contreras;US
Nardi Contreras;US
Bill Conway;US
Dick Conway;US
Jerry Conway;US
Rip Conway;US
Aaron Cook;US
Andy Cook;US
Dennis Cook;US
Doc Cook;US
Earl Cook;US
Jim Cook;US
Mike Cook;US
Dusty Cooke;US
Steve Cooke;US
Brent Cookson;US
Scott Coolbaugh;US
Bobby Coombs;US
Cecil Coombs;US
Danny Coombs;US
Jack Coombs;US
Ron Coomer;US
William Coon;US
Jimmy Cooney;US
Jimmy Cooney;US
Johnny Cooney;US
Phil Cooney;US
Brian Cooper;US
Cecil Cooper;US
Claude Cooper;US
Don Cooper;US
Gary Cooper;US
Gary Cooper;US
Guy Cooper;US
Mort Cooper;US
Pat Cooper;US
Scott Cooper;US
Walker Cooper;US
Wilbur Cooper;US
Trace Coquillette;US
Alex Cora;US
Joey Cora;US
Doug Corbett;US
Gene Corbett;US
Joe Corbett;US
Jack Corcoran;US
Tim Corcoran;US
Tim Corcoran;US
Tommy Corcoran;US
Chad Cordero;US
Francisco Cordero;US
Wil Cordero;US
Francisco Córdova;US
Marty Cordova;US
Bryan Corey;US
Ed Corey;US
Fred Corey;US
Mark Corey;US
Mike Corkins;US
Lance Cormier;US
Rheal Cormier;US
Brad Cornett;US
Pat Corrales;US
Vic Correll;US
Frank Corridon;US
Barry Cort;US
Al Corwin;US
Joe Coscarart;US
Pete Coscarart;US
Shane Costa;US
Chris Coste;US
Dan Costello;US
John Costello;US
Humberto Cota;US
Pete Cote;US
Dan Cotter;US
Tom Cotter;US
Ensign Cottrell;US
Johnny Couch;US
Mike Couchee;US
Bill Coughlin;US
Ed Coughlin;US
Roscoe Coughlin;US
Marlan Coughtry;US
Bob Coulson;US
Chip Coulter;US
Fritz Coumbe;US
Craig Counsell;US
Clint Courtney;US
Dee Cousineau;US
Jon Coutlangus;US
Harry Coveleski;US
Stan Coveleski;US
Chet Covington;US
Wes Covington;US
Al Cowens;US
Joe Cowley;US
Bill Cox;US
Billy Cox;US
Bobby Cox;US
Danny Cox;US
Darron Cox;US
Glenn Cox;US
Jeff Cox;US
Jim Cox;US
Larry Cox;US
Red Cox;US
Ted Cox;US
Charlie Cozart;US
Roy Crabb;US
Callix Crabbe;US
Estel Crabtree;US
Tim Crabtree;US
Rickey Cradle;US
Howard Craghead;US
Rod Craig;US
Roger Craig;US
Jesse Crain;US
Doc Cramer;US
Ed Crane;US
Sam Crane;US
Sam Crane;US
Gavvy Cravath;US
Bill Craver;US
Carl Crawford;US
Glenn Crawford;US
Jake Crawford;US
Jim Crawford;US
Pat Crawford;US
Paxton Crawford;US
Sam Crawford;US
Steve Crawford;US
Willie Crawford;US
George Creamer;US
Joe Crede;US
Birdie Cree;US
Pat Creeden;US
Doug Creek;US
Jack Creel;US
Keith Creel;US
Bob Cremins;US
César Crespo;US
Felipe Crespo;US
Jerry Crider;US
Lou Criger;US
Dave Cripe;US
Dave Criscione;US
Tony Criscola;US
Ches Crist;US
Hughie Critz;US
Claude Crocker;US
Art Croft;US
D. T. Cromer;US
Tripp Cromer;US
Herb Crompton;US
Ned Crompton;US
Chris Cron;US
Jack Cronin;US
Joe Cronin;US
Jack Crooks;US
Bobby Crosby;US
Bubba Crosby;US
Ed Crosby;US
Frankie Crosetti;US
Zach Crouch;US
Rick Croushore;US
Don Crow;US
Alvin Crowder;US
George Crowe;US
Bill Crowley;US
Ed Crowley;US
John Crowley;US
Terry Crowley;US
Mike Crudale;US
Deivi Cruz;US
Héctor Cruz;US
Henry Cruz;US
Iván Cruz;US
Jacob Cruz;US
José Cruz;US
José Cruz;US
Juan Cruz;US
Julio Cruz;US
Nelson Cruz;US
Nelson Cruz;US
Todd Cruz;US
Tommy Cruz;US
Víctor Cruz;US
Mike Cubbage;US
Al Cuccinello;US
Tony Cuccinello;US
Cookie Cuccurullo;US
Michael Cuddyer;US
Bobby Cuellar;US
Mike Cuellar;US
Manuel Cueto;US
Jack Cullen;US
Tim Cullen;US
Nick Cullop;US
Nick Cullop;US
Benny Culp;US
Bill Culp;US
Candy Cummings;US
Midre Cummings;US
Steve Cummings;US
Will Cunnane;US
Nig Cuppy;US
John Curran;US
Jim Curry;US
Steve Curry;US
Wes Curry;US
Chad Curtis;US
Cliff Curtis;US
Fred Curtis;US
Harry Curtis;US
Jack Curtis;US
John Curtis;US
Vern Curtis;US
Guy Curtright;US
Ed Cushman;US
Jack Cust;US
Ned Cuthbert;US
George Cutshaw;US
Kiki Cuyler;US
Milt Cuyler;US
Mike Cvengros;US
Al Cypert;US
Eric Cyr;US
Jim Czajkowski;US
Omar Daal;US
John D'Acquisto;US
Paul Dade;US
John Dagenhard;US
Bill Dahlen;US
Con Daily;US
Hugh Daily;US
Bruce Dal Canton;US
Pete Dalena;US
Mark Dalesandro;US
Bill Daley;US
Bud Daley;US
Pete Daley;US
Dom Dallessandro;US
Sun Daly;US
Tom Daly;US
Tom Daly;US
Jeff C. D'Amico;US
Jeff M. D'Amico;US
Johnny Damon;US
Chuck Daniel;US
Bert Daniels;US
Charlie Daniels;US
Jack Daniels;US
Kal Daniels;US
Law Daniels;US
John Danks;US
Harry Danning;US
Jamie D'Antona;US
Fats Dantonio;US
Cliff Dapper;US
Alvin Dark;US
Dell Darling;US
Ron Darling;US
Mike Darr;US
Mike Darr;US
Bobby Darwin;US
Danny Darwin;US
Jeff Darwin;US
Jeff Datz;US
Brian Daubach;US
Jake Daubert;US
Jack Daugherty;US
Bob Daughters;US
Darren Daulton;US
Hooks Dauss;US
Yo-Yo Davalillo;US
Vic Davalillo;US
Jeff DaVanon;US
Jerry DaVanon;US
Claude Davenport;US
Jim Davenport;US
Lum Davenport;US
Mike Davey;US
Bob Davidson;US
Cleatus Davidson;US
Dave Davidson;US
Mark Davidson;US
Ted Davidson;US
Kyle Davies;US
Alvin Davis;US
Bob Davis;US
Bob Davis;US
Bud Davis;US
Butch Davis;US
Chili Davis;US
Curt Davis;US
Daisy Davis;US
Dick Davis;US
Doug Davis;US
Doug Davis;US
Eric Davis;US
George Davis (SS) ?;US
George Davis;US
Gerry Davis;US
Glenn Davis;US
Harry Davis;US
Harry Davis;US
Ike Davis;US
Ike Davis;US
Jim Davis;US
Jody Davis;US
Jumbo Davis;US
Mark Davis;US
Mark Davis;US
Mike Davis;US
Rajai Davis;US
Ron Davis;US
Ron Davis;US
Russ Davis;US
Tim Davis;US
Tod Davis;US
Tommy Davis;US
Willie Davis;US
Wade Davis;US
Scott Davison;US
Bill Dawley;US
Joey Dawley;US
Andre Dawson ?;US
Joe Dawson;US
Dewon Day;US
Zach Day;US
Brian Dayett;US
Ken Dayley;US
Roger Deago;US
Shorty Dee;US
Alejandro De Aza;US
Jordan De Jong;US
Eulogio de la Cruz;US
Tommy de la Cruz;US
Mike de la Hoz;US
Roland de la Maza;US
Jorge de la Rosa;US
Luis de los Santos;US
Luis de los Santos;US
Ramón de los Santos;US
Cot Deal;US
Snake Deal;US
Pat Dealy;US
Dizzy Dean ?;US
Dory Dean;US
Paul Dean;US
Harry Deane;US
Dennis DeBarr;US
Dave DeBusschere;US
Doug DeCinces;US
George Decker;US
Steve Decker;US
Rod Dedeaux;US
John Deering;US
Tony DeFate;US
Arturo DeFreites;US
Mike DeGerick;US
Herman Dehlman;US
Jim Deidel;US
Pep Deininger;US
Mike DeJean;US
David DeJesus;US
Iván DeJesús;US
José DeJesús;US
Francisco de la Rosa;US
Bobby Del Greco;US
Garton del Savio;US
Miguel del Toro;US
Ed Delahanty ?;US
Frank Delahanty;US
Jim Delahanty;US
Joe Delahanty;US
Tom Delahanty;US
Manny Delcarmen;US
José DeLeón;US
Luis DeLeón;US
Carlos Delgado;US
Puchy Delgado;US
Wilson Delgado;US
David Dellucci;US
Bert Delmas;US
Joe DeMaestri;US
Al Demaree;US
Frank Demaree;US
Chris Demaria;US
Billy DeMars;US
Larry Demery;US
Don Demeter;US
Gene DeMontreville;US
Rick Dempsey;US
Brian Denman;US
Kyle Denney;US
Don Dennis;US
Jerry Denny;US
John Denny;US
Bucky Dent;US
Sam Dente;US
Jorge DePaula;US
Julio DePaula;US
Mark DeRosa;US
Mike Derrick;US
Gene Desautels;US
Jim Deshaies;US
Delino DeShields;US
Jimmie DeShong;US
Ian Desmond;US
Elmer Dessens;US
Bob Detherage;US
Tom Dettore;US
Ducky Detweiler;US
Mel Deutsch;US
Adrian Devine;US
Joey Devine;US
Mickey Devine;US
Hal Deviney;US
Doug DeVore;US
Josh Devore;US
Al DeVormer;US
Mark Dewey;US
Jeff DeWillis;US
Alex Diaz;US
Bo Díaz;US
Carlos Diaz;US
Carlos Diaz;US
Edgar Díaz;US
Edwin Díaz;US
Einar Díaz;US
Joselo Díaz;US
Juan Díaz;US
Juan Díaz;US
Matt Diaz;US
Mike Diaz;US
Víctor Díaz;US
Buttercup Dickerson;US
Bill Dickey ?;US
George Dickey;US
Emerson Dickman;US
Murry Dickson;US
Lance Dickson;US
Walt Dickson;US
Bob Didier;US
Chuck Diering;US
Dick Dietz;US
Dutch Dietz;US
Mike DiFelice;US
Steve Dignan;US
Gordon Dillard;US
Steve Dillard;US
Bob Dillinger;US
Packy Dillon;US
Dom DiMaggio;US
Joe DiMaggio ?;US
Vince DiMaggio;US
Kerry Dineen;US
Craig Dingman;US
Bill Dinneen;US
Ron Diorio;US
Bob DiPietro;US
Art Ditmar;US
Ken Dixon;US
Tom Dixon;US
Greg Dobbs;US
Ray Dobens;US
Joe Dobson;US
Pat Dobson;US
Larry Doby ?;US
George Dockins;US
Sam Dodge;US
Pat Dodson;US
Fred Doe;US
Bobby Doerr ?;US
John Doherty;US
John Doherty;US
Scott Dohmann;US
Cozy Dolan;US
Cozy Dolan;US
John Dolan;US
Lester Dole;US
Andy Dominique;US
Deacon Donahue;US
Jim Donahue;US
John Donahue;US
Red Donahue;US
Tim Donahue;US
Atley Donald;US
John Donaldson;US
Augie Donatelli;US
Mike Donlin;US
James Donnelly;US
Jim Donnelly;US
Pete Donnelly;US
Chris Donnels;US
Pete Donohue;US
Tom Donohue;US
Bill Donovan;US
Bill Donovan;US
Dick Donovan;US
Jerry Donovan;US
Mike Donovan;US
Patsy Donovan;US
Tom Donovan;US
Bill Doran;US
Tom Doran;US
Jerry Dorgan;US
Mike Dorgan;US
Bert Dorr;US
Jim Dorsey;US
Herm Doscher;US
Jack Doscher;US
Richard Dotson;US
Jim Dougherty;US
Klondike Douglass;US
Ryan Doumit;US
Dennis Dove;US
John Dowd;US
Tommy Dowd;US
Tom Dowse;US
Brian Doyle;US
Carl Doyle;US
Danny Doyle;US
Denny Doyle;US
Jack Doyle;US
Jacob Doyle;US
Jeff Doyle;US
Jess Doyle;US
Jim Doyle;US
Larry Doyle;US
Paul Doyle;US
Slow Joe Doyle;US
D. J. Dozier;US
Doug Drabek;US
Moe Drabowsky;US
Dick Drago;US
Brian Drahman;US
Logan Drake;US
Mike Draper;US
Dave Dravecky;US
Tom Drees;US
Darren Dreifort;US
Clem Dreisewerd;US
Bill Drescher;US
Ryan Drese;US
Chuck Dressen;US
Kirk Dressendorfer;US
Rob Dressler;US
Cameron Drew;US
J. D. Drew;US
Tim Drew;US
Frank Drews;US
Karl Drews;US
Dan Driessen;US
Denny Driscoll;US
Jim Driscoll;US
Travis Driskill;US
Walt Dropo;US
Dick Drott;US
Keith Drumright;US
Don Drysdale ?;US
Rob Ducey;US
Justin Duchscherer;US
Brandon Duckworth;US
John Dudra;US
Charlie Duffee;US
Chris Duffy;US
Frank Duffy;US
Hugh Duffy ?;US
Joe Dugan;US
Gus Dugas;US
Oscar Dugey;US
Jim Duggan;US
Bill Duggleby;US
Zach Duke;US
Elijah Dukes;US
Jan Dukes;US
Bob Duliba;US
George Dumont;US
Dan Dumoulin;US
Nick Dumovich;US
Tom Dunbar;US
Chris Duncan;US
Courtney Duncan;US
Dave Duncan;US
Jeff Duncan;US
Mariano Duncan;US
Pat Duncan;US
Shelley Duncan;US
Vern Duncan;US
Ed Dundon;US
Davey Dunkle;US
Bill Dunlap;US
Fred Dunlap;US
Grant Dunlap;US
Adam Dunn;US
Jack Dunn;US
Scott Dunn;US
Steve Dunn;US
Steve Dunn;US
Todd Dunn;US
Mike Dunne;US
Shawon Dunston;US
Dan Duran;US
Chad Durbin;US
Ryne Duren;US
Ed Durham;US
Leon Durham;US
Ray Durham;US
Bobby Durnbaugh;US
Leo Durocher ?;US
Red Durrett;US
Cedric Durst;US
Jesse Duryea;US
Bill Duzen;US
Mike Duvall;US
Frank Dwyer;US
Jim Dwyer;US
Jerry Dybzinski;US
Jim Dyck;US
Jermaine Dye;US
Ben Dyer;US
Duffy Dyer;US
Mike Dyer;US
Jimmy Dykes;US
Lenny Dykstra;US
Don Eaddy;US
Bill Eagan;US
Truck Eagan;US
Bill Eagle;US
Charlie Eakle;US
Howard Earl;US
Scott Earl;US
Billy Earle;US
Arnold Earley;US
Bill Earley;US
Tom Earley;US
Jake Early;US
George Earnshaw;US
Mike Easler;US
Damion Easley;US
Logan Easley;US
Mal Eason;US
Carl East;US
Harry East;US
Hugh East;US
Luke Easter;US
Henry Easterday;US
Paul Easterling;US
Jamie Easterly;US
Ted Easterly;US
Roy Easterwood;US
Jack Easton;US
John Easton;US
Rawly Eastwick;US
Adam Eaton;US
Craig Eaton;US
Zeb Eaton;US
Gary Eave;US
Vallie Eaves;US
Eddie Eayrs;US
Derrin Ebert;US
Hi Ebright;US
Harry Eccles;US
Angel Echevarria;US
Johnny Echols;US
Eric Eckenstahler;US
Dennis Eckersley;US
Al Eckert;US
Charlie Eckert;US
Ox Eckhardt;US
David Eckstein;US
Chris Eddy;US
Don Eddy;US
Steve Eddy;US
Ed Edelen;US
Joe Edelen;US
John Edelman;US
Charlie Eden;US
Mike Eden;US
Ken Edenfield;US
Tom Edens;US
Butch Edge;US
Bill Edgerton;US
Stump Edington;US
Steve Edlefsen;US
Dave Edler;US
Jim Edmonds;US
Brian Edmondson;US
George Edmondson;US
Paul Edmondson;US
Eddie Edmonson;US
Sam Edmonston;US
Bob Edmundson;US
Bruce Edwards;US
Dave Edwards;US
Doc Edwards;US
Foster Edwards;US
Hank Edwards;US
Jim Joe Edwards;US
Johnny Edwards;US
Marshall Edwards;US
Mike Edwards;US
Mike Edwards;US
Ralph Edwards;US
Sherman Edwards;US
Wayne Edwards;US
Harry Eells;US
Robert Eenhoorn;US
Ben Egan;US
Dick Egan;US
Dick Egan;US
Jim Egan;US
Rip Egan;US
Tom Egan;US
Wish Egan;US
Jack Egbert;US
Elmer Eggert;US
Dave Eggler;US
Bruce Egloff;US
Howard Ehmke;US
Red Ehret;US
Rube Ehrhardt;US
Hack Eibel;US
Juan Eichelberger;US
Mark Eichhorn;US
Ike Eichrodt;US
Dave Eiland;US
Dave Eilers;US
Darrell Einertson;US
Joey Eischen;US
Jake Eisenhart;US
Jim Eisenreich;US
Harry Eisenstat;US
Ed Eiteljorge;US
Mike Ekstrom;US
Scott Elarton;US
Kid Elberfeld;US
Scott Elbert;US
Dave Elder;US
George Elder;US
Heinie Elder;US
Brad Eldred;US
Cal Eldred;US
Lee Elia;US
Pete Elko;US
Roy Ellam;US
Hod Eller;US
Frank Ellerbe;US
Joe Ellick;US
Bruce Ellingsen;US
Larry Elliot;US
Allen Elliott;US
Bob Elliott;US
Carter Elliott;US
Claude Elliott;US
Donnie Elliott;US
Gene Elliott;US
Glenn Elliott;US
Hal Elliott;US
Harry Elliott;US
Jumbo Elliott;US
Randy Elliott;US
Rowdy Elliott;US
A. J. Ellis;US
Ben Ellis;US
Dock Ellis;US
Jim Ellis;US
John Ellis;US
Mark Ellis;US
Rob Ellis;US
Robert Ellis;US
Rube Ellis;US
Sammy Ellis;US
Babe Ellison;US
George Ellison;US
Jason Ellison;US
Jacoby Ellsbury;US
Dick Ellsworth;US
Steve Ellsworth;US
Verdo Elmore;US
Roy Elsh;US
Kevin Elster;US
Don Elston;US
Narciso Elvira;US
Bones Ely;US
Harry Ely;US
John Ely;US
Brad Emaus;US
Alan Embree;US
Red Embree;US
Slim Embrey;US
Chester Emerson;US
Cal Emery;US
Spoke Emery;US
Charlie Emig;US
Frank Emmer;US
Bob Emmerich;US
Slim Emmerich;US
Bob Emslie;US
Angelo Encarnación;US
Edwin Encarnación;US
Juan Encarnación;US
Luis Encarnación;US
Mario Encarnación;US
Trevor Enders;US
Bill Endicott;US
Joe Engel;US
Steve Engel;US
Charlie Engle;US
Clyde Engle;US
Dave Engle;US
Rick Engle;US
Charlie English;US
Gil English;US
Jesse English;US
Woody English;US
Del Ennis;US
John Ennis;US
Russ Ennis;US
Barry Enright;US
George Enright;US
Jack Enright;US
Jewel Ens;US
Mutz Ens;US
Morgan Ensberg;US
Charlie Enwright;US
Terry Enyart;US
Jack Enzenroth;US
Johnny Enzmann;US
Nathan Eovaldi;US
Jim Eppard;US
Al Epperly;US
Cody Eppley;US
Aubrey Epps;US
Hal Epps;US
Mike Epstein;US
Greg Erardi;US
Eddie Erautt;US
Joe Erautt;US
Todd Erdos;US
John Ericks;US
Don Erickson;US
Eric Erickson;US
Hal Erickson;US
Hank Erickson;US
Matt Erickson;US
Paul Erickson;US
Ralph Erickson;US
Roger Erickson;US
Scott Erickson;US
Cal Ermer;US
Frank Ernaga;US
Dick Errickson;US
Carl Erskine;US
Darin Erstad;US
Tex Erwin;US
Nick Esasky;US
Nino Escalera;US
Edgmer Escalona;US
Félix Escalona;US
Sergio Escalona;US
Chico Escárrega;US
Jim Eschen;US
Larry Eschen;US
Alcides Escobar;US
Alex Escobar;US
Ángel Escobar;US
Eduardo Escobar;US
José Escobar;US
Kelvim Escobar;US
Yunel Escobar;US
Vaughn Eshelman;US
Jimmy Esmond;US
Duke Esper;US
Geno Espineli;US
Juan Espino;US
Danny Espinosa;US
Nino Espinosa;US
Álvaro Espinoza;US
Brian Esposito;US
Mike Esposito;US
Sammy Esposito;US
Cecil Espy;US
Chuck Essegian;US
Mark Esser;US
Jim Essian;US
Bill Essick;US
Bobby Estalella;US
Bobby Estalella;US
Dick Estelle;US
Dude Esterbrook;US
Shawn Estes;US
George Estock;US
Chuck Estrada;US
Francisco Estrada;US
Horacio Estrada;US
Johnny Estrada;US
Marco Estrada;US
Oscar Estrada;US
Leo Estrella;US
Andy Etchebarren;US
Buck Etchison;US
Bobby Etheridge;US
Seth Etherton;US
Andre Ethier;US
Nick Etten;US
Mark Ettles;US
John Eubank;US
Uel Eubanks;US
Frank Eufemia;US
Ferd Eunick;US
Tony Eusebio;US
Frank Eustace;US
Al Evans;US
Art Evans;US
Barry Evans;US
Bart Evans;US
Bill Evans;US
Bill Evans;US
Chick Evans;US
Darrell Evans;US
Dwight Evans;US
Jake Evans;US
Joe Evans;US
Nick Evans;US
Red Evans;US
Roy Evans;US
Steve Evans;US
Terry Evans;US
Tom Evans;US
Dana Eveland;US
Adam Everett;US
Carl Everett;US
Tommy Everidge;US
Bill Everitt;US
Leon Everitt;US
Hoot Evers;US
Joe Evers;US
Johnny Evers;US
Tom Evers;US
Bryan Eversgerd;US
George Ewell;US
Bob Ewing;US
Buck Ewing;US
John Ewing;US
Reuben Ewing;US
Sam Ewing;US
Art Ewoldt;US
Scott Eyre;US
Willie Eyre;US
George Eyrich;US
Homer Ezzell;US
Jay Faatz;US
Red Faber;US
Jorge Fábregas;US
Bunny Fabrique;US
Roy Face;US
Lenny Faedo;US
Bill Fahey;US
Brandon Fahey;US
Ferris Fain;US
George Fair;US
Rags Faircloth;US
Jim Fairey;US
Ron Fairly;US
Anton Falch;US
Pete Falcone;US
Bibb Falk;US
Cy Falkenberg;US
Brian Falkenborg;US
Bob Fallon;US
Charlie Fallon;US
George Fallon;US
Pete Falsey;US
Rikkert Faneyte;US
Cliff Fannin;US
Jim Fanning;US
Stan Fansler;US
Carmen Fanzone;US
Monty Fariss;US
Alex Farmer;US
Ed Farmer;US
Mike Farmer;US
Kyle Farnsworth;US
Jim Farr;US
Steve Farr;US
Sid Farrar;US
Doc Farrell;US
Duke Farrell;US
Jack Farrell;US
Jack Farrell;US
Jack Farrell;US
John Farrell;US
John Farrell;US
Kerby Farrell;US
Turk Farrell;US
John Farrow;US
Sal Fasano;US
Frederick Fass;US
Jeff Fassero;US
Jim Faulkner;US
Charles Victory Faust;US
Ernie Fazio;US
Carlos Febles;US
Dutch Fehring;US
Ryan Feierabend;US
Mike Felder;US
Marv Felderman;US
Harry Feldman;US
Scott Feldman;US
Pedro Feliciano;US
Gus Felix;US
Junior Félix;US
Pedro Feliz;US
Bob Feller ?;US
Happy Felsch;US
John Felske;US
Terry Felton;US
Frank Fennelly;US
Bobby Fenwick;US
Alex Ferguson;US
Bob Ferguson;US
Bob Ferguson;US
Charlie Ferguson;US
George Ferguson;US
Joe Ferguson;US
Félix Fermín;US
Ramón Fermín;US
Alex Fernandez;US
Chico Fernández;US
Frank Fernandez;US
Jared Fernández;US
Jose Fernandez;US
Nanny Fernandez;US
Osvaldo Fernández;US
Sid Fernandez;US
Tony Fernández;US
Al Ferrara;US
Don Ferrarese;US
Anthony Ferrari;US
Mike Ferraro;US
Rick Ferrell ?;US
Wes Ferrell;US
Sergio Ferrer;US
Tom Ferrick;US
Bob Ferris;US
Hobe Ferris;US
Dave Ferriss;US
Alex Ferson;US
Lou Fette;US
Mike Fetters;US
Willy Fetzer;US
Chick Fewster;US
Neil Fiala;US
John Fick;US
Robert Fick;US
Mark Fidrych;US
Jim Field;US
Nate Field;US
Cecil Fielder;US
Prince Fielder;US
Bruce Fields;US
Jocko Fields;US
Josh Fields;US
Alfredo Fígaro;US
Mike Figga;US
Chone Figgins;US
Ed Figueroa;US
Jesús Figueroa;US
Luis Figueroa;US
Nelson Figueroa;US
Jeremy Fikac;US
Bob File;US
Tom Filer;US
Steve Filipowicz;US
Mark Filley;US
Dana Fillingim;US
Pete Filson;US
Jack Fimple;US
Joel Finch;US
Tommy Fine;US
Rollie Fingers ?;US
Jim Finigan;US
Herman Fink;US
Pembroke Finlayson;US
Bob Finley;US
Chuck Finley;US
Steve Finley;US
Neal Finn;US
Happy Finneran;US
Hal Finney;US
Lou Finney;US
Gar Finnvold;US
Mike Fiore;US
Tony Fiore;US
Jeff Fiorentino;US
Steve Fireovid;US
Dan Firova;US
Bill Fischer;US
Carl Fischer;US
Hank Fischer;US
Jeff Fischer;US
Todd Fischer;US
William Fischer;US
Mike Fischlin;US
John Fishel;US
Leo Fishel;US
Bob Fisher;US
Brian Fisher;US
Chauncey Fisher;US
Cherokee Fisher;US
Don Fisher;US
Ed Fisher;US
Eddie Fisher;US
George Fisher;US
Gus Fisher;US
Jack Fisher;US
Maurice Fisher;US
Ray Fisher;US
Showboat Fisher;US
Tom Fisher;US
Tom Fisher;US
Carlton Fisk ?;US
Max Fiske;US
Wes Fisler;US
Ed Fitz Gerald;US
Charlie Fitzberger;US
Brian Fitzgerald;US
Howie Fitzgerald;US
John Fitzgerald;US
John Fitzgerald;US
John Fitzgerald;US
Matty Fitzgerald;US
Mike Fitzgerald;US
Mike Fitzgerald;US
Ray Fitzgerald;US
Shaun Fitzmaurice;US
Al Fitzmorris;US
Ed Fitzpatrick;US
Freddie Fitzsimmons;US
Tom Fitzsimmons;US
Max Flack;US
Ira Flagstead;US
John Flaherty;US
Martin Flaherty;US
Patsy Flaherty;US
Al Flair;US
Mike Flanagan;US
Steamer Flanagan;US
Tim Flannery;US
Roy Flaskamper;US
Jack Flater;US
Frank Fleet;US
Ángel Fleitas;US
Bill Fleming;US
Dave Fleming;US
Huck Flener;US
Art Fletcher;US
Darrin Fletcher;US
Elbie Fletcher;US
Frank Fletcher;US
Sam Fletcher;US
Scott Fletcher;US
Tom Fletcher;US
Van Fletcher;US
Elmer Flick ?;US
Lew Flick;US
Don Flinn;US
John Flinn;US
Silver Flint;US
Hilly Flitcraft;US
Curt Flood;US
Tim Flood;US
Kevin Flora;US
Don Florence;US
Gil Flores;US
Jesse Flores;US
Jesús Flores;US
Jose Flores;US
Randy Flores;US
Ron Flores;US
Bryce Florie;US
Ben Flowers;US
Dickie Flowers;US
Jake Flowers;US
Wes Flowers;US
Bobby Floyd;US
Bubba Floyd;US
Cliff Floyd;US
Gavin Floyd;US
Doug Flynn;US
Jocko Flynn;US
Mike Flynn;US
Gene Fodge;US
Jim Fogarty;US
Josh Fogg;US
Lee Fohl;US
Hank Foiles;US
Curry Foley;US
John Foley;US
Marv Foley;US
Tom Foley;US
Tom Foley;US
Will Foley;US
Tim Foli;US
Rich Folkers;US
Dee Fondy;US
Lew Fonseca;US
Joe Fontenot;US
Mike Fontenot;US
Ray Fontenot;US
Chad Fonville;US
Barry Foote;US
Jesse Foppert;US
Jim Foran;US
P. J. Forbes;US
Davy Force;US
Ben Ford;US
Bill Ford;US
Curt Ford;US
Dan Ford;US
Dave Ford;US
Hod Ford;US
Lew Ford;US
Matt Ford;US
Russ Ford;US
Ted Ford;US
Wenty Ford;US
Whitey Ford ?;US
Tom Fordham;US
Brook Fordyce;US
Brownie Foreman;US
Frank Foreman;US
Happy Foreman;US
Mike Fornieles;US
Bob Forsch;US
Ken Forsch;US
Terry Forster;US
Ed Forsyth;US
Tim Fortugno;US
Bartolomé Fortunato;US
Gary Fortune;US
Tony Fossas;US
Ray Fosse;US
Casey Fossum;US
Alan Foster;US
Eddie Foster;US
Elmer Foster;US
George Foster;US
John Foster;US
Kevin Foster;US
Leo Foster;US
Roy Foster;US
Rube Foster;US
Steve Foster;US
Bob Fothergill;US
Steve Foucault;US
Keith Foulke;US
Jack Fournier;US
Bill Fouser;US
Dave Foutz;US
Frank Foutz;US
Art Fowler;US
Boob Fowler;US
Dexter Fowler;US
Dick Fowler;US
Jesse Fowler;US
Alan Fowlkes;US
Andy Fox;US
Chad Fox;US
Charlie Fox;US
Eric Fox;US
Henry Fox;US
Howie Fox;US
Jake Fox;US
Nellie Fox ?;US
Pete Fox;US
Terry Fox;US
Jimmie Foxx ?;US
Joe Foy;US
Paul Foytack;US
Jeff Francis;US
Ray Francis;US
Ben Francisco;US
Frank Francisco;US
John Franco;US
Julio Franco;US
Matt Franco;US
Jeff Francoeur;US
Terry Francona;US
Tito Francona;US
Kevin Frandsen;US
Fred Frankhouse;US
Jack Franklin;US
Ryan Franklin;US
Wayne Franklin;US
Herman Franks;US
John Frascatore;US
Chick Fraser;US
Willie Fraser;US
Jason Frasor;US
George Frazier;US
Joe Frazier;US
Lou Frazier;US
Vic Frazier;US
Johnny Frederick;US
Kevin Frederick;US
Scott Fredrickson;US
Roger Freed;US
Bill Freehan;US
Ryan Freel;US
Buck Freeman;US
Choo Freeman;US
Hersh Freeman;US
John Freeman;US
Mark Freeman;US
Marvin Freeman;US
Gene Freese;US
George Freese;US
Jake Freeze;US
Jim Fregosi;US
Vern Freiburger;US
Howard Freigau;US
Alejandro Freire;US
Dave Freisleben;US
Tony Freitas;US
Charlie French;US
Jim French;US
Larry French;US
Ray French;US
Walter French;US
Benny Frey;US
Lonny Frey;US
Steve Frey;US
Hanley Frias;US
Pepe Frias;US
Bernie Friberg;US
Marion Fricano;US
Jim Fridley;US
Pat Friel;US
Bob Friend;US
Owen Friend;US
John Frill;US
Frankie Frisch ?;US
Danny Frisella;US
Harry Fritz;US
Larry Fritz;US
Bill Froats;US
Doug Frobel;US
Todd Frohwirth;US
Art Fromme;US
Dave Frost;US
Emiliano Fruto;US
Jerry Fry;US
Jeff Frye;US
Travis Fryman;US
Woodie Fryman;US
Charlie Fuchs;US
Brian Fuentes;US
Mike Fuentes;US
Tito Fuentes;US
Oscar Fuhr;US
Kosuke Fukudome;US
Kazuo Fukumori;US
Jeff Fulchino;US
Sam Fuld;US
Ed Fuller;US
Frank Fuller;US
John Fulgham;US
Nig Fuller;US
Shorty Fuller;US
Curt Fullerton;US
Chick Fullis;US
Brad Fullmer;US
Chick Fulmer;US
Washington Fulmer;US
Bill Fulton;US
Aaron Fultz;US
Dave Fultz;US
Frank Funk;US
Liz Funk;US
Tom Funk;US
Rafael Furcal;US
Carl Furillo;US
J. J. Furmaniak;US
Eddie Fusselback;US
Chris Fussell;US
Mike Fyhrie;US
Kason Gabbard;US
Gabe Gabler;US
John Gabler;US
Ken Gables;US
Len Gabrielson;US
Len Gabrielson;US
John Gaddy;US
Eddie Gaedel;US
Gary Gaetti;US
Fabian Gaffke;US
Phil Gagliano;US
Ralph Gagliano;US
Éric Gagné;US
Greg Gagne;US
Ed Gagnier;US
Eddie Gaillard;US
Del Gainer;US
Jay Gainer;US
Steve Gajkowski;US
Augie Galan;US
Andrés Galarraga;US
Armando Galarraga;US
Bob Galasso;US
Rich Gale;US
Denny Galehouse;US
John Gall;US
Al Gallagher;US
Bob Gallagher;US
Dave Gallagher;US
Ed Gallagher;US
Joe Gallagher;US
Sean Gallagher;US
Yovani Gallardo;US
Mike Gallego;US
Bert Gallia;US
Phil Gallivan;US
Mike Gallo;US
Chick Galloway;US
Balvino Gálvez;US
Jim Galvin;US
Lou Galvin;US
Pud Galvin ?;US
Mat Gamel;US
Chick Gandil;US
Bob Ganley;US
Bill Gannon;US
Ron Gant;US
Jim Gantner;US
Oscar Gamble;US
Babe Ganzel;US
Charlie Ganzel;US
John Ganzel;US
Eddy Garabito;US
Joe Garagiola;US
Víctor Gárate;US
Bob Garbark;US
Mike Garbark;US
Gene Garber;US
Bárbaro Garbey;US
Rich Garcés;US
Anderson García;US
Carlos García;US
Chico García;US
Dámaso García;US
Danny Garcia;US
Danny Garcia;US
Freddy Garcia;US
Freddy Garcia;US
Harvey García;US
Jaime García;US
Jesse Garcia;US
José García;US
Karim García;US
Kiko Garcia;US
Leo Garcia;US
Luis García;US
Miguel García;US
Mike Garcia;US
Mike Garcia;US
Pedro García;US
Ramón García;US
Reynaldo Garcia;US
Rosman García;US
Nomar Garciaparra;US
Danny Gardella;US
Ron Gardenhire;US
Bill Garfield;US
Mike Gardiner;US
Alex Gardner;US
Billy Gardner;US
Brett Gardner;US
Gid Gardner;US
Glenn Gardner;US
Jeff Gardner;US
Larry Gardner;US
Lee Gardner;US
Mark Gardner;US
Wes Gardner;US
Bob Garibaldi;US
Ryan Garko;US
Jon Garland;US
Wayne Garland;US
Mike Garman;US
Debs Garms;US
Phil Garner;US
Ralph Garr;US
Scott Garrelts;US
Adrian Garrett;US
Greg Garrett;US
Wayne Garrett;US
Gil Garrido;US
Cliff Garrison;US
Ford Garrison;US
Webster Garrison;US
Ned Garver;US
Steve Garvey;US
Jerry Garvin;US
Ned Garvin;US
Matt Garza;US
Harry Gaspar;US
Rod Gaspar;US
Dave Gassner;US
Tom Gastall;US
Alex Gaston;US
Cito Gaston;US
Milt Gaston;US
Welcome Gaston;US
Hank Gastright;US
Brent Gates;US
Joe Gates;US
Aubrey Gatewood;US
Frank Gatins;US
Joey Gathright;US
Chad Gaudin;US
Sid Gautreaux;US
Mike Gazella;US
Geoff Geary;US
Huck Geary;US
Elmer Gedeon;US
Joe Gedeon;US
Rich Gedman;US
Count Gedney;US
Johnny Gee;US
Billy Geer;US
Josh Geer;US
Charlie Geggus;US
Lou Gehrig ?;US
Charlie Gehringer ?;US
Gary Geiger;US
Dave Geisel;US
Bill Geiss;US
Emil Geiss;US
Vern Geishert;US
Charlie Gelbert;US
Joe Genewich;US
Jim Gentile;US
Gary Gentry;US
Rufe Gentry;US
Chris George;US
Chris George;US
Greek George;US
Craig Gerber;US
Wally Gerber;US
Bob Geren;US
Joe Gerhardt;US
Al Gerheauser;US
Steve Gerkin;US
Esteban Germán;US
Franklyn Germán;US
Les German;US
Justin Germano;US
Dick Gernert;US
César Gerónimo;US
Jody Gerut;US
Doc Gessler;US
Al Gettel;US
Byron Gettis;US
Jake Gettman;US
Chris Getz;US
Gus Getz;US
Charlie Getzien;US
Chappie Geygan;US
Patsy Gharrity;US
Bob Giallombardo;US
Jason Giambi;US
Jeremy Giambi;US
Joe Giannini;US
Joe Giard;US
Tony Giarratano;US
Joe Gibbon;US
Jay Gibbons;US
John Gibbons;US
Jake Gibbs;US
Bob Gibson ?;US
Charlie Gibson;US
Charlie Gibson;US
Frank Gibson;US
George Gibson;US
Kirk Gibson;US
Norwood Gibson;US
Paul Gibson;US
Robert Gibson;US
Russ Gibson;US
Sam Gibson;US
George Gick;US
Brett Gideon;US
Floyd Giebell;US
Paul Giel;US
Dan Giese;US
Benji Gil;US
Gerónimo Gil;US
Gus Gil;US
Jerry Gil;US
Andy Gilbert;US
Billy Gilbert;US
Charlie Gilbert;US
Jack Gilbert;US
John Gilbert;US
Larry Gilbert;US
Shawn Gilbert;US
Tookie Gilbert;US
Wally Gilbert;US
Rod Gilbreath;US
Bill Gilbreth;US
Don Gile;US
Brian J. Giles;US
Brian S. Giles;US
Marcus Giles;US
Frank Gilhooley;US
Bernard Gilkey;US
Bob Gilks;US
Pit Gilman;US
George Gill;US
Warren Gill;US
Conor Gillaspie;US
Carden Gillenwater;US
Tom Gilles;US
Bob Gillespie;US
Jim Gillespie;US
Paul Gillespie;US
Patrick Gillespie;US
Jim Gilliam;US
Barney Gilligan;US
Grant Gillis;US
George Gillpatrick;US
Len Gilmore;US
Hal Gilson;US
Héctor Giménez;US
Joe Ginsberg;US
Keith Ginter;US
Matt Ginter;US
Al Gionfriddo;US
Ed Giovanola;US
Charles Gipson;US
Joe Girardi;US
Chris Gissell;US
Tony Giuliani;US
Dave Giusti;US
Dan Gladden;US
Fred Gladding;US
Fred Glade;US
Roland Gladu;US
Doug Glanville;US
Jack Glasscock;US
Troy Glaus;US
Tommy Glaviano;US
Mike Glavine;US
Tom Glavine;US
Ralph Glaze;US
Bill Gleason;US
Bill Gleason;US
Harry Gleason;US
Jack Gleason;US
Kid Gleason;US
Roy Gleason;US
Jerry Don Gleaton;US
Jim Gleeson;US
Frank Gleich;US
Ed Glenn;US
Ed Glenn;US
Joe Glenn;US
John Glenn;US
John Glenn;US
George Glinatsis;US
Ross Gload;US
Al Glossop;US
Gary Glover;US
Bill Glynn;US
Ed Glynn;US
Ryan Glynn;US
Jimmy Gobble;US
John Gochnaur;US
Danny Godby;US
Tyrell Godwin;US
Jerry Goff;US
Chuck Goggin;US
Greg Gohr;US
Jim Golden;US
Mike Golden;US
Gordon Goldsberry;US
Walt Goldsby;US
Fred Goldsmith;US
Wally Goldsmith;US
Izzy Goldstein;US
Lonnie Goldstein;US
Purnal Goldy;US
Mike Goliat;US
Greg Golson;US
Dave Goltz;US
Jonny Gomes;US
Wayne Gomes;US
Alexis Gómez;US
Carlos Gómez;US
Chile Gómez;US
Chris Gomez;US
Lefty Gomez ?;US
Leo Gómez;US
Luis Gómez;US
Preston Gómez;US
Randy Gomez;US
Ruben Gomez;US
Jesse Gonder;US
Joe Gonzales;US
Larry Gonzales;US
Rene Gonzales;US
Adrian Gonzalez;US
Alberto González;US
Alex S. Gonzalez;US
Álex González;US
Andy González;US
Carlos González;US
Denny González;US
Édgar Gonzalez;US
Edgar Gonzalez;US
Enrique González;US
Eusebio González;US
Fernando González;US
Geremi González;US
Germán González;US
Jose González;US
Juan González;US
Julio González;US
Luis A. González;US
Luis Gonzalez;US
Mike Gonzalez;US
Mike González;US
Orlando González;US
Raúl González;US
Tony González;US
Wiki González;US
Johnny Gooch;US
Andrew Good;US
Ralph Good;US
Wilbur Good;US
Herb Goodall;US
Dwight Gooden;US
Billy Goodman;US
Ival Goodman;US
Ed Goodson;US
Art Goodwin;US
Curtis Goodwin;US
Danny Goodwin;US
Marv Goodwin;US
Pep Goodwin;US
Tom Goodwin;US
Ray Goolsby;US
Glen Gorbous;US
Ray Gordinier;US
Alex Gordon;US
Brian Gordon;US
Joe Gordon ?;US
Keith Gordon;US
Sid Gordon;US
Tom Gordon;US
George Gore;US
Reid Gorecki;US
Rick Gorecki;US
Charlie Gorin;US
Bob Gorinski;US
Herb Gorman;US
Tom Gorman;US
Tom Gorman;US
Tom Gorman;US
Nick Gorneault;US
Hank Gornicki;US
Johnny Gorsica;US
Johnny Goryl;US
Tom Gorzelanny;US
Jim Gosger;US
Goose Goslin ?;US
Mike Gosling;US
Howie Goss;US
"Rich ""Goose"" Gossage ?";US
Dick Gossett;US
Julio Gotay;US
Rubén Gotay;US
Jim Gott;US
Al Gould;US
Charlie Gould;US
Nick Goulish;US
Hank Gowdy;US
Larry Gowell;US
Mauro Gozzo;US
Billy Grabarkewitz;US
Rod Graber;US
John Grabow;US
Jason Grabowski;US
Johnny Grabowski;US
Earl Grace;US
Mark Grace;US
Mike Grace;US
Franklyn Gracesqui;US
John Grady;US
Mike Grady;US
Milt Graff;US
Tony Graffanino;US
Bernie Graham;US
Charlie Graham;US
Jack Graham;US
Lee Graham;US
Moonlight Graham;US
Peaches Graham;US
Skinny Graham;US
Skinny Graham;US
Wayne Graham;US
Joe Grahe;US
Alex Graman;US
Alex Grammas;US
Curtis Granderson;US
Jack Graney;US
Jeff Granger;US
Wayne Granger;US
Eddie Grant;US
Jim Grant;US
Jimmy Grant;US
Mark Grant;US
Mudcat Grant;US
George Grantham;US
Rick Grapenthin;US
Don Grate;US
Beiker Graterol;US
Danny Graves;US
Dave Gray;US
Dick Gray;US
Dolly Gray;US
Gary Gray;US
Jeff Gray;US
Jeff Gray;US
Jim Gray;US
Lorenzo Gray;US
Pete Gray;US
Sam Gray;US
Ted Gray;US
Eli Grba;US
John Greason;US
Craig Grebeck;US
Andy Green;US
Dallas Green;US
Danny Green;US
David Green;US
Dick Green;US
Fred Green;US
Gary Green;US
Gene Green;US
Harvey Green;US
Lenny Green;US
Nick Green;US
Pumpsie Green;US
Scarborough Green;US
Sean Green;US
Shawn Green;US
Steve Green;US
Tyler Green;US
Adam Greenberg;US
Hank Greenberg ?;US
Al Greene;US
Charlie Greene;US
Khalil Greene;US
Nelson Greene;US
Paddy Greene;US
Rick Greene;US
Todd Greene;US
Tommy Greene;US
Tyler Greene;US
Willie Greene;US
Kent Greenfield;US
Jim Greengrass;US
Mike Greenwell;US
Bill Greenwood;US
Bob Greenwood;US
Brian Greer;US
Ed Greer;US
Rusty Greer;US
Hal Gregg;US
Kevin Gregg;US
Tommy Gregg;US
Vean Gregg;US
Tom Gregorio;US
Lee Gregory;US
Bill Greif;US
Zack Greinke;US
Seth Greisinger;US
Ed Gremminger;US
Reddy Grey;US
Bobby Grich;US
Ben Grieve;US
Tom Grieve;US
Ken Griffey;US
Ken Griffey;US
Alfredo Griffin;US
Doug Griffin;US
Ivy Griffin;US
John-Ford Griffin;US
Marty Griffin;US
Mike J. Griffin;US
Mike L. Griffin;US
Pug Griffin;US
Sandy Griffin;US
Tom Griffin;US
Bert Griffith;US
Clark Griffith ?;US
Derrell Griffith;US
Tommy Griffith;US
Jeremy Griffiths;US
Art Griggs;US
Guido Grilli;US
Jason Grilli;US
Steve Grilli;US
Bob Grim;US
John Grim;US
Burleigh Grimes ?;US
Oscar Grimes;US
Ray Grimes;US
Roy Grimes;US
Charlie Grimm;US
Myron Grimshaw;US
Jason Grimsley;US
Ross Grimsley;US
Dan Griner;US
Lee Grissom;US
Marquis Grissom;US
Marv Grissom;US
Dick Groat;US
Heinie Groh;US
Steve Gromek;US
Lee Gronkiewicz;US
Bob Groom;US
Buddy Groom;US
Howdy Groskloss;US
Emil Gross;US
Gabe Gross;US
Greg Gross;US
Kevin Gross;US
Kip Gross;US
Turkey Gross;US
Wayne Gross;US
Jerry Grote;US
Johnny Groth;US
Lefty Grove ?;US
Orval Grove;US
Charlie Grover;US
Roy Grover;US
Johnny Grubb;US
Henry Gruber;US
Kelly Gruber;US
Mark Grudzielanek;US
Ken Grundt;US
Kevin Gryboski;US
Cecilio Guante;US
Eddie Guardado;US
Creighton Gubanich;US
Mark Gubicza;US
Marv Gudat;US
Mike Guerra;US
Mario Guerrero;US
Pedro Guerrero;US
Vladimir Guerrero;US
Wilton Guerrero;US
Matt Guerrier;US
Lee Guetterman;US
Carlos Guevara;US
Giomar Guevara;US
Ron Guidry;US
Aaron Guiel;US
Carlos Guillén;US
José Guillén;US
Ozzie Guillén;US
Bobby Guindon;US
Ben Guiney;US
Skip Guinn;US
Mike Gulan;US
Brad Gulden;US
Don Gullett;US
Tom Gulley;US
Bill Gullickson;US
Ad Gumbert;US
Billy Gumbert;US
Harry Gumbert;US
Randy Gumpert;US
Eric Gunderson;US
Hy Gunning;US
Tom Gunning;US
Joe Gunson;US
Larry Gura;US
Ernie Gust;US
Frankie Gustine;US
Bucky Guth;US
Jeremy Guthrie;US
Mark Guthrie;US
César Gutiérrez;US
Franklin Gutiérrez;US
Jackie Gutiérrez;US
Juan Gutiérrez;US
Ricky Gutiérrez;US
Don Gutteridge;US
Ángel Guzmán;US
Cristian Guzmán;US
Domingo Guzmán;US
Freddy Guzmán;US
Geraldo Guzmán;US
Joel Guzmán;US
José Guzmán;US
Juan Guzman;US
Doug Gwosdz;US
Marcus Gwyn;US
Chris Gwynn;US
Tony Gwynn ?;US
Tony Gwynn;US
Dick Gyselman;US
Yamid Haad;US
Bert Haas;US
Bruno Haas;US
Dave Haas;US
Eddie Haas;US
Moose Haas;US
Mule Haas;US
Bob Habenicht;US
Emil Haberer;US
John Habyan;US
Irv Hach;US
Stan Hack;US
Eric Hacker;US
Rich Hacker;US
Warren Hacker;US
Jim Hackett;US
Mert Hackett;US
Walter Hackett;US
Luther Hackman;US
Harvey Haddix;US
George Haddock;US
Bump Hadley;US
Kent Hadley;US
Bill Haeffner;US
Mickey Haefner;US
Charlie Haeger;US
Bud Hafey;US
Chick Hafey ?;US
Tom Hafey;US
Leo Hafford;US
Frank Hafner;US
Travis Hafner;US
Nick Hagadone;US
Art Hagan;US
Casey Hageman;US
Kevin Hagen;US
Rip Hagerman;US
Bill Hague;US
Joe Hague;US
Dick Hahn;US
Don Hahn;US
Ed Hahn;US
Fred Hahn;US
Noodles Hahn;US
Hal Haid;US
Ed Haigh;US
Hinkey Haines;US
Jesse Haines ?;US
Jerry Hairston;US
Jerry Hairston;US
Johnny Hairston;US
Sam Hairston;US
Scott Hairston;US
Jim Haislip;US
Chet Hajduk;US
Dave Hajek;US
John Halama;US
George Halas;US
Ed Halbriter;US
John Haldeman;US
Bob Hale;US
Chip Hale;US
Dad Hale;US
George Hale;US
John Hale;US
Odell Hale;US
Sammy Hale;US
James Haley;US
Richard Haley;US
Ed Halicki;US
Al Hall;US
Albert Hall;US
Bert Hall;US
Bill Hall;US
Bill Hall;US
Bill Hall;US
Bob Hall;US
Bob Hall;US
Charley Hall;US
Charlie Hall;US
Darren Hall;US
Dick Hall;US
Drew Hall;US
George Hall;US
Herb Hall;US
Irv Hall;US
Jim Hall;US
Jimmie Hall;US
Joe Hall;US
John Hall;US
Josh Hall;US
Marc Hall;US
Mel Hall;US
Russ Hall;US
Toby Hall;US
Tom Hall;US
John Halla;US
Roy Halladay;US
Bill Hallahan;US
Tom Haller;US
Jack Hallett;US
Newt Halliday;US
Jocko Halligan;US
Ed Hallinan;US
Jimmy Hallinan;US
Bill Hallman;US
Bill Hallman;US
Charlie Hallstrom;US
Greg Halman;US
Jim Halpin;US
Brad Halsey;US
Al Halt;US
Shane Halter;US
Ralph Ham;US
Doc Hamann;US
Roger Hambright;US
Charlie Hamburg;US
Mark Hamburger;US
Jim Hamby;US
Bob Hamelin;US
Cole Hamels;US
John Hamill;US
Billy Hamilton ?;US
Darryl Hamilton;US
Dave Hamilton;US
Earl Hamilton;US
Jack Hamilton;US
Jeff Hamilton;US
Joey Hamilton;US
Josh Hamilton;US
Mark Hamilton;US
Steve Hamilton;US
Tom Hamilton;US
Ken Hamlin;US
Luke Hamlin;US
Pete Hamm;US
Atlee Hammaker;US
Jason Hammel;US
Robby Hammock;US
Chris Hammond;US
Jack Hammond;US
Steve Hammond;US
Jeffrey Hammonds;US
Garvin Hamner;US
Granny Hamner;US
Ralph Hamner;US
Justin Hampson;US
Ike Hampton;US
Mike Hampton;US
Erik Hamren;US
Bert Hamric;US
Ray Hamrick;US
Tim Hamulack;US
Buddy Hancken;US
Fred Hancock;US
Garry Hancock;US
Josh Hancock;US
Lee Hancock;US
Ryan Hancock;US
Brad Hand;US
Rich Hand;US
Jim Handiboe;US
Mike Handiboe;US
Gene Handley;US
Lee Handley;US
Vern Handrahan;US
Bill Hands;US
Harry Hanebrink;US
Chris Haney;US
Fred Haney;US
Larry Haney;US
Todd Haney;US
Charlie Hanford;US
Ryan Hanigan;US
Don Hankins;US
Jay Hankins;US
Frank Hankinson;US
Jim Hanley;US
Bill Hanlon;US
Ned Hanlon ?;US
John Hanna;US
Preston Hanna;US
Truck Hannah;US
Jack Hannahan;US
Gerry Hannahs;US
Jim Hannan;US
Jack Hannifin;US
Loy Hanning;US
Pat Hannivan;US
Joel Hanrahan;US
Devern Hansack;US
Greg Hansell;US
Andy Hansen;US
Bob Hansen;US
Craig Hansen;US
Dave Hansen;US
Doug Hansen;US
Jed Hansen;US
Ron Hansen;US
Roy Hansen;US
Snipe Hansen;US
Frank Hansford;US
Don Hanski;US
Erik Hanson;US
Harry Hanson;US
Ollie Hanson;US
Tommy Hanson;US
Ed Hanyzewski;US
J. A. Happ;US
John Happenny;US
Aaron Harang;US
Bill Harbridge;US
Rich Harden;US
Mel Harder;US
Scott Hardesty;US
Pat Hardgrove;US
Lou Hardie;US
Bud Hardin;US
Jim Hardin;US
Charlie Harding;US
Jason Hardtke;US
Alex Hardy;US
Carroll Hardy;US
Harry Hardy;US
J. J. Hardy;US
Jack Hardy;US
Jack Hardy;US
Larry Hardy;US
Red Hardy;US
Shawn Hare;US
Dan Haren;US
Steve Hargan;US
Alan Hargesheimer;US
Gary Hargis;US
Bubbles Hargrave;US
Pinky Hargrave;US
Charlie Hargreaves;US
Mike Hargrove;US
Tim Harikkala;US
Mike Harkey;US
John Harkins;US
Spec Harkness;US
Tim Harkness;US
Dick Harley;US
Dick Harley;US
Larry Harlow;US
Bill Harman;US
Brad Harman;US
Bob Harmon;US
Chuck Harmon;US
Terry Harmon;US
Pete Harnisch;US
Bill Harper;US
Brandon Harper;US
Brian Harper;US
George Harper;US
George Harper;US
Harry Harper;US
Jack Harper;US
Jack Harper;US
Terry Harper;US
Tommy Harper;US
Travis Harper;US
Toby Harrah;US
Billy Harrell;US
John Harrell;US
Lucas Harrell;US
Ray Harrell;US
Slim Harrell;US
Bill Harrelson;US
Bud Harrelson;US
Ken Harrelson;US
Denny Harriger;US
Andy Harrington;US
Andy Harrington;US
Bill Harrington;US
Jerry Harrington;US
Joe Harrington;US
Mickey Harrington;US
Ben Harris;US
Bill Harris;US
Bill Harris;US
Billy Harris;US
Bob Harris;US
Brendan Harris;US
Bubba Harris;US
Bucky Harris ?;US
Buddy Harris;US
Candy Harris;US
Charlie Harris;US
Dave Harris;US
Donald Harris;US
Frank Harris;US
Gail Harris;US
Gene Harris;US
Greg Harris;US
Greg Harris;US
Herb Harris;US
Jeff Harris;US
Joe Harris;US
Joe Harris;US
John Harris;US
Lenny Harris;US
Lum Harris;US
Mickey Harris;US
Ned Harris;US
Pep Harris;US
Reggie Harris;US
Spence Harris;US
Vic Harris;US
Willie Harris;US
Bob Harrison;US
Chuck Harrison;US
Josh Harrison;US
Matt Harrison;US
Rit Harrison;US
Roric Harrison;US
Tom Harrison;US
Slim Harriss;US
Earl Harrist;US
Sam Harshany;US
Jack Harshman;US
Oscar Harstad;US
Bill Hart;US
Bill Hart;US
Billy Hart;US
Bo Hart;US
Burt Hart;US
Corey Hart;US
Hub Hart;US
Jason Hart;US
Jim Ray Hart;US
Kevin Hart;US
Mike Hart;US
Mike Hart;US
Tom Hart;US
Chuck Hartenstein;US
Frank Harter;US
Bruce Hartford;US
Dean Hartgraves;US
Jumbo Harting;US
Chris Hartje;US
Chick Hartley;US
Grover Hartley;US
Mike Hartley;US
Bob Hartman;US
Charlie Hartman;US
Fred Hartman;US
J. C. Hartman;US
Gabby Hartnett ?;US
Pat Hartnett;US
Ray Hartranft;US
Greg Harts;US
Topsy Hartsel;US
Roy Hartsfield;US
Jeff Hartsock;US
Clint Hartung;US
Paul Hartzell;US
Roy Hartzell;US
Luther Harvel;US
Bryan Harvey;US
Ken Harvey;US
Zaza Harvey;US
Chad Harville;US
Ziggy Hasbrook;US
Shigetoshi Hasegawa;US
Bill Haselman;US
Don Hasenmayer;US
Herb Hash;US
Mickey Haslin;US
Pete Hasney;US
Bill Hassamaer;US
Buddy Hassett;US
Ron Hassey;US
Andy Hassler;US
Joe Hassler;US
Gene Hasson;US
Charlie Hastings;US
Scott Hastings;US
Bob Hasty;US
Billy Hatcher;US
Chris Hatcher;US
Chris Hatcher;US
Mickey Hatcher;US
Fred Hatfield;US
Gil Hatfield;US
John Hatfield;US
Hilly Hathaway;US
Ray Hathaway;US
Scott Hatteberg;US
Joe Hatten;US
Clyde Hatter;US
John Hattig;US
Grady Hatton;US
Art Hauger;US
Chris Haughey;US
Gary Haught;US
Phil Haugstad;US
Arnold Hauser;US
Joe Hauser;US
Tom Hausman;US
Clem Hausmann;US
George Hausmann;US
Charlie Hautz;US
Brad Havens;US
Ryan Hawblitzel;US
Bill Hawes;US
Roy Hawes;US
Ed Hawk;US
Bill Hawke;US
Thorny Hawkes;US
Andy Hawkins;US
LaTroy Hawkins;US
Wynn Hawkins;US
Chicken Hawks;US
Blake Hawksworth;US
Pink Hawley;US
Scott Hawley;US
Howie Haworth;US
Brad Hawpe;US
Hal Haydel;US
Jack Hayden;US
Lefty Hayden;US
Ben Hayes;US
Bill Hayes;US
Brett Hayes;US
Charlie Hayes;US
Frankie Hayes;US
Jackie Hayes;US
Jackie Hayes;US
Jim Hayes;US
John Hayes;US
Von Hayes;US
Dirk Hayhurst;US
Fred Hayner;US
Heath Haynes;US
Jimmy Haynes;US
Joe Haynes;US
Nathan Haynes;US
Ray Hayward;US
Bill Haywood;US
Ray Hayworth;US
Red Hayworth;US
Drungo Hazewood;US
Bob Hazle;US
Doc Hazleton;US
Ed Head;US
Jerad Head;US
Ralph Head;US
Chase Headley;US
Tom Healey;US
Egyptian Healy;US
Fran Healy;US
Francis Healy;US
Thomas Healy;US
Charlie Heard;US
Jay Heard;US
Bunny Hearn;US
Bunny Hearn;US
Ed Hearn;US
Jim Hearn;US
Ed Hearne;US
Hughie Hearne;US
Jeff Hearron;US
Bill Heath;US
Jeff Heath;US
Kelly Heath;US
Mickey Heath;US
Mike Heath;US
Spencer Heath;US
Tommy Heath;US
Jeff Heathcock;US
Cliff Heathcote;US
Mike Heathcott;US
Neal Heaton;US
Dave Heaverlo;US
Wally Hebert;US
Richie Hebner;US
Bryan Hebson;US
Mike Hechinger;US
Guy Hecker;US
Harry Hedgpeth;US
Mike Hedlund;US
Danny Heep;US
Bert Heffernan;US
Bob Heffner;US
Don Heffner;US
Bronson Heflin;US
Randy Heflin;US
Jim Hegan;US
Mike Hegan;US
Bob Hegman;US
Jake Hehl;US
Jack Heidemann;US
Emmet Heidrick;US
Frank Heifer;US
Chink Heileman;US
Aaron Heilman;US
Harry Heilmann ?;US
Val Heim;US
Fred Heimach;US
Gorman Heimueller;US
Bud Heine;US
Don Heinkel;US
Chris Heintz;US
Ken Heintzelman;US
Tom Heintzelman;US
Jack Heinzman;US
Bob Heise;US
Clarence Heise;US
Jim Heise;US
Roy Heiser;US
Rick Heiserman;US
Chris Heisey;US
Crese Heismann;US
Al Heist;US
Harry Heitmann;US
Heinie Heitmuller;US
Mel Held;US
Woodie Held;US
Hank Helf;US
Eric Helfand;US
Ty Helfrich;US
Jeremy Hellickson;US
Rick Helling;US
Hellings;US
Tony Hellman;US
Horace Helmbold;US
Tommy Helms;US
Wes Helms;US
Todd Helton;US
Heinie Heltzel;US
Russ Heman;US
Ed Hemingway;US
George Hemming;US
Scott Hemond;US
Ducky Hemp;US
Bret Hemphill;US
Charlie Hemphill;US
Frank Hemphill;US
Rollie Hemsley;US
Solly Hemus;US
Bernie Henderson;US
Bill Henderson;US
Dave Henderson;US
Ed Henderson;US
Hardie Henderson;US
Joe Henderson;US
Ken Henderson;US
Rickey Henderson ?;US
Rod Henderson;US
Steve Henderson;US
Bob Hendley;US
George Hendrick;US
Harvey Hendrick;US
Ed Hendricks;US
Elrod Hendricks;US
Jack Hendricks;US
Ben Hendrickson;US
Don Hendrickson;US
Mark Hendrickson;US
Liam Hendriks;US
Claude Hendrix;US
Tim Hendryx;US
Dave Hengel;US
Moxie Hengel;US
Lafayette Henion;US
Tom Henke;US
Bob Henley;US
Gail Henley;US
Weldon Henley;US
Butch Henline;US
Sean Henn;US
Mike Henneman;US
Brad Hennessey;US
George Hennessey;US
Les Hennessy;US
Phil Hennigan;US
Pete Henning;US
Rick Henninger;US
Randy Hennis;US
Bobby Henrich;US
Fritz Henrich;US
Tommy Henrich;US
Olaf Henriksen;US
Óscar Henríquez;US
Bill Henry;US
Bill Henry;US
Butch Henry;US
Doug Henry;US
Dutch Henry;US
Dwayne Henry;US
Earl Henry;US
George Henry;US
Jim Henry;US
John Henry;US
John Henry;US
Ron Henry;US
Snake Henry;US
Roy Henshaw;US
Phil Hensiek;US
Chuck Hensley;US
Clay Hensley;US
Matt Hensley;US
Drew Henson;US
Pat Hentgen;US
Bill Hepler;US
Ron Herbel;US
Ernie Herbert;US
Fred Herbert;US
Ray Herbert;US
Félix Heredia;US
Gil Heredia;US
Ubaldo Heredia;US
Wilson Heredia;US
Matt Herges;US
Art Herman;US
Babe Herman;US
Billy Herman ?;US
Al Hermann;US
Chad Hermansen;US
Gene Hermanski;US
Dustin Hermanson;US
Jeremy Hermida;US
Remy Hermoso;US
Jesús Hernáiz;US
Adrian Hernandez;US
Alex Hernández;US
Anderson Hernández;US
Carlos Hernández;US
Carlos Hernández;US
Carlos Hernández;US
César Hernández;US
Chico Hernández;US
David Hernandez;US
Diory Hernández;US
Enzo Hernández;US
Evelio Hernández;US
Félix Hernández;US
Fernando Hernández;US
Fernando Hernández;US
Jackie Hernández;US
Jeremy Hernandez;US
José Hernández;US
Keith Hernandez;US
Leo Hernández;US
Liván Hernández;US
Luis Hernandez;US
Manny Hernández;US
Michel Hernández;US
Orlando Hernández;US
Pedro Hernandez[disambiguation needed];US
Ramón Hernández;US
Ramón Hernández;US
Roberto Hernández;US
Rudy Hernández;US
Rudy Hernández;US
Runelvys Hernández;US
Toby Hernández;US
Willie Hernández;US
Xavier Hernandez;US
Yoel Hernández;US
David Herndon;US
Junior Herndon;US
Larry Herndon;US
Tom Hernon;US
Joseph Herr;US
Tom Herr;US
Walt Herrell;US
Alex Herrera;US
Bobby Herrera;US
Daniel Herrera;US
Jonathan Herrera;US
José Herrera;US
José Herrera;US
Kelvin Herrera;US
Mike Herrera;US
Pancho Herrera;US
Yoslan Herrera;US
Troy Herriage;US
Tom Herrin;US
Art Herring;US
Bill Herring;US
Herb Herring;US
Lefty Herring;US
Ed Herrmann;US
Frank Herrmann;US
Leroy Herrmann;US
Marty Herrmann;US
John Herrnstein;US
Rick Herrscher;US
Earl Hersh;US
Mike Hershberger;US
Willard Hershberger;US
Frank Hershey;US
Orel Hershiser;US
Neal Hertweck;US
Steve Hertz;US
Buck Herzog;US
Whitey Herzog ?;US
Joe Hesketh;US
Otto Hess;US
Tom Hess;US
George Hesselbacher;US
Mike Hessman;US
John Hester;US
Larry Hesterfer;US
Johnny Hetki;US
Gus Hetling;US
Eric Hetzel;US
George Heubel;US
Ed Heusser;US
Joe Heving;US
Johnnie Heving;US
Jake Hewitt;US
Greg Heydeman;US
Mike Heydon;US
Jason Heyward;US
Jack Hiatt;US
Phil Hiatt;US
Greg Hibbard;US
John Hibbard;US
Jim Hibbs;US
Bryan Hickerson;US
Eddie Hickey;US
Jack Hickey;US
Jim Hickey;US
Kevin Hickey;US
Mike Hickey;US
Charlie Hickman;US
Ernie Hickman;US
Jesse Hickman;US
Jim Hickman;US
Jim Hickman;US
Brandon Hicks;US
Buddy Hicks;US
Jim Hicks;US
Joe Hicks;US
Nat Hicks;US
Richard Hidalgo;US
Joe Hietpas;US
Kirby Higbe;US
Mahlon Higbee;US
Higby;US
Bill Higdon;US
Irv Higginbotham;US
Bill Higgins;US
Bob Higgins;US
Dennis Higgins;US
Eddie Higgins;US
Kevin Higgins;US
Mark Higgins;US
Pinky Higgins;US
Bobby Higginson;US
Andy High;US
Charlie High;US
Ed High;US
Hugh High;US
Dick Higham;US
Teddy Higuera;US
John Hiland;US
Whitey Hilcher;US
George Hildebrand;US
Oral Hildebrand;US
Palmer Hildebrand;US
Tom Hilgendorf;US
Erik Hiljus;US
Aaron Hill;US
Belden Hill;US
Bill Hill;US
Bobby Hill;US
Carmen Hill;US
Dave Hill;US
Donnie Hill;US
Garry Hill;US
Glenallen Hill;US
Herbert Hill;US
Herman Hill;US
Hugh Hill;US
Hunter Hill;US
Jeremy Hill;US
Jesse Hill;US
Ken Hill;US
Koyie Hill;US
Marc Hill;US
Milt Hill;US
Oliver Hill;US
Red Hill;US
Rich Hill;US
Shawn Hill;US
Steven Hill;US
Hillebrand;US
Homer Hillebrand;US
Shawn Hillegas;US
Shea Hillenbrand;US
Chuck Hiller;US
Frank Hiller;US
Hob Hiller;US
John Hiller;US
Ed Hilley;US
Mack Hillis;US
Dave Hillman;US
Eric Hillman;US
Pat Hilly;US
Charlie Hilsey;US
Dave Hilton;US
Howard Hilton;US
Jack Himes;US
A. J. Hinch;US
Brett Hinchliffe;US
Bill Hinchman;US
Harry Hinchman;US
Mike Hinckley;US
Sam Hinds;US
Hunkey Hines;US
Mike Hines;US
Paul Hines;US
Gordie Hinkle;US
Dutch Hinrichs;US
Paul Hinrichs;US
Alex Hinshaw;US
George Hinshaw;US
Eric Hinske;US
Jerry Hinsley;US
Paul Hinson;US
Chuck Hinton;US
John Hinton;US
Rich Hinton;US
Tommy Hinzo;US
Herb Hippauf;US
Jason Hirsh;US
Gene Hiser;US
Larry Hisle;US
Harley Hisner;US
Billy Hitchcock;US
Jimmy Hitchcock;US
Sterling Hitchcock;US
Bruce Hitt;US
Roy Hitt;US
Lloyd Hittle;US
Ed Head;US
Jerad Head;US
Ralph Head;US
Chase Headley;US
Tom Healey;US
Egyptian Healy;US
Fran Healy;US
Francis Healy;US
Thomas Healy;US
Charlie Heard;US
Jay Heard;US
Bunny Hearn;US
Bunny Hearn;US
Ed Hearn;US
Jim Hearn;US
Ed Hearne;US
Hughie Hearne;US
Jeff Hearron;US
Bill Heath;US
Jeff Heath;US
Kelly Heath;US
Mickey Heath;US
Mike Heath;US
Spencer Heath;US
Tommy Heath;US
Jeff Heathcock;US
Cliff Heathcote;US
Mike Heathcott;US
Neal Heaton;US
Dave Heaverlo;US
Wally Hebert;US
Richie Hebner;US
Bryan Hebson;US
Mike Hechinger;US
Guy Hecker;US
Harry Hedgpeth;US
Mike Hedlund;US
Danny Heep;US
Bert Heffernan;US
Bob Heffner;US
Don Heffner;US
Bronson Heflin;US
Randy Heflin;US
Jim Hegan;US
Mike Hegan;US
Bob Hegman;US
Jake Hehl;US
Jack Heidemann;US
Emmet Heidrick;US
Frank Heifer;US
Chink Heileman;US
Aaron Heilman;US
Harry Heilmann;US
Myril Hoag;US
Don Hoak;US
Ed Hobaugh;US
Glen Hobbie;US
Bill Hobbs;US
John Hobbs;US
Dick Hoblitzel;US
Butch Hobson;US
Harry Hoch;US
Luke Hochevar;US
Ed Hock;US
Chuck Hockenbery;US
Oris Hockett;US
George Hockette;US
Denny Hocking;US
Johnny Hodapp;US
Mel Hoderlein;US
Charlie Hodes;US
Ed Hodge;US
Gomer Hodge;US
Shovel Hodge;US
Bert Hodges;US
Gil Hodges;US
Kevin Hodges;US
Ron Hodges;US
Trey Hodges;US
Ralph Hodgin;US
Paul Hodgson;US
Eli Hodkey;US
Charlie Hodnett;US
George Hodson;US
Billy Hoeft;US
Art Hoelskoetter;US
Joe Hoerner;US
Lefty Hoerst;US
Jack Hoey;US
Jim Hoey;US
Chet Hoff;US
Bill Hoffer;US
Stew Hofferth;US
Bill Hoffman;US
Danny Hoffman;US
Dutch Hoffman;US
Frank Hoffman;US
Glenn Hoffman;US
Guy Hoffman;US
Izzy Hoffman;US
John Hoffman;US
Larry Hoffman;US
Ray Hoffman;US
Sonny Hoffman;US
Tex Hoffman;US
Trevor Hoffman;US
Jamie Hoffmann;US
Jesse Hoffmeister;US
John Hofford;US
Jarrett Hoffpauir;US
Micah Hoffpauir;US
Bobby Hofman;US
Solly Hofman;US
Fred Hofmann;US
Eddie Hogan;US
George Hogan;US
Harry Hogan;US
Kenny Hogan;US
Marty Hogan;US
Mortimer Hogan;US
Shanty Hogan;US
Willie Hogan;US
Bert Hogg;US
Bill Hogg;US
Brad Hogg;US
George Hogriever;US
Chief Hogsett;US
Bobby Hogue;US
Cal Hogue;US
Bill Hohman;US
Eddie Hohnhorst;US
Chris Hoiles;US
Aaron Holbert;US
Bill Holbert;US
Ray Holbert;US
Wally Holborow;US
Sammy Holbrook;US
Ken Holcombe;US
Bill Holden;US
Joe Holden;US
David Holdridge;US
Fred Holdsworth;US
Jim Holdsworth;US
Walter Holke;US
Bill Hollahan;US
Al Holland;US
Bill Holland;US
Derek Holland;US
Dutch Holland;US
Greg Holland;US
Mul Holland;US
Will Holland;US
Todd Hollandsworth;US
Gary Holle;US
Ed Holley;US
Bug Holliday;US
Matt Holliday;US
Mike Hollimon;US
Carl Holling;US
Holly Hollingshead;US
Al Hollingsworth;US
Bonnie Hollingsworth;US
Damon Hollins;US
Dave Hollins;US
Jessie Hollins;US
John Hollison;US
Stan Hollmig;US
Charlie Hollocher;US
Bobo Holloman;US
Jim Holloway;US
Ken Holloway;US
Ed Holly;US
Jeff Holly;US
Billy Holm;US
Steve Holm;US
Wattie Holm;US
Brad Holman;US
Brian Holman;US
Gary Holman;US
Scott Holman;US
Shawn Holman;US
Chick Holmes;US
Darren Holmes;US
Ducky Holmes;US
Ducky Holmes;US
Fred Holmes;US
Jim Holmes;US
Tommy Holmes;US
Herm Holshouser;US
Chris Holt;US
Jim Holt;US
Red Holt;US
Roger Holt;US
Vern Holtgrave;US
Brian Holton;US
Mike Holtz;US
Ken Holtzman;US
Mark Holzemer;US
Marty Honan;US
Rick Honeycutt;US
Abie Hood;US
Don Hood;US
Wally Hood;US
Wally Hood;US
Chris Hook;US
Jay Hook;US
Buck Hooker;US
Alex Hooks;US
Bob Hooper;US
Harry Hooper;US
Kevin Hooper;US
Mike Hooper;US
Leon Hooten;US
Burt Hooton;US
Buster Hoover;US
Charlie Hoover;US
Dick Hoover;US
Joe Hoover;US
John Hoover;US
Paul Hoover;US
John Hope;US
Sam Hope;US
Buck Hopkins;US
Don Hopkins;US
Gail Hopkins;US
Marty Hopkins;US
Mike Hopkins;US
Paul Hopkins;US
Johnny Hopp;US
Bill Hopper;US
Jim Hopper;US
Lefty Hopper;US
Norris Hopper;US
Patrick John Horan;US
Shags Horan;US
Joe Horgan;US
Joe Horlen;US
Sam Horn;US
Trader Horne;US
Bob Horner;US
Jack Horner;US
Rogers Hornsby;US
Joe Hornung;US
Hanson Horsey;US
Vince Horsman;US
Jeremy Horst;US
Oscar Horstmann;US
Elmer Horton;US
Ricky Horton;US
Tony Horton;US
Willie Horton;US
Brian Horwitz;US
Dwayne Hosey;US
Steve Hosey;US
Dave Hoskins;US
Tim Hosley;US
Eric Hosmer;US
Gene Host;US
Chuck Hostetler;US
Dave Hostetler;US
Pete Hotaling;US
Ken Hottman;US
Tommy Hottovy;US
Byron Houck;US
Sadie Houck;US
Charlie Hough;US
Ralph Houk;US
D. J. Houlton;US
Craig House;US
Frank House;US
Fred House;US
J. R. House;US
Pat House;US
Tom House;US
Charlie Householder;US
Charlie Householder;US
Ed Householder;US
Paul Householder;US
John Houseman;US
William Houseman;US
Ben Houser;US
James Houser;US
Joe Houser;US
Wayne Housie;US
Tyler Houston;US
Art Houtteman;US
Lefty Houtz;US
Steve Hovley;US
Ed Hovlik;US
Joe Hovlik;US
Ben Howard;US
Bruce Howard;US
Chris Howard;US
Chris Howard;US
Dave Howard;US
David Howard;US
Del Howard;US
Doug Howard;US
Earl Howard;US
Elston Howard;US
Frank Howard;US
Fred Howard;US
Ivan Howard;US
Larry Howard;US
Lee Howard;US
Matt Howard;US
Mike Howard;US
Paul Howard;US
Ryan Howard;US
Steve Howard;US
Thomas Howard;US
Wilbur Howard;US
Jim Howarth;US
Art Howe;US
Cal Howe;US
Les Howe;US
Shorty Howe;US
Steve Howe;US
Dixie Howell;US
Dixie Howell;US
Harry Howell;US
J. P. Howell;US
Jack Howell;US
Jay Howell;US
Ken Howell;US
Pat Howell;US
Red Howell;US
Roland Howell;US
Roy Howell;US
Bill Howerton;US
Dann Howitt;US
Dan Howley;US
Bob Howry;US
Dick Howser;US
Dummy Hoy;US
Peter Hoy;US
Tex Hoyle;US
LaMarr Hoyt;US
Waite Hoyt;US
Al Hrabosky;US
Kent Hrbek;US
Walt Hriniak;US
Chin-lung Hu;US
Al Hubbard;US
Glenn Hubbard;US
Mike Hubbard;US
Trenidad Hubbard;US
Bill Hubbell;US
Carl Hubbell;US
Ken Hubbs;US
Clarence Huber;US
Jon Huber;US
Justin Huber;US
Otto Huber;US
Ken Huckaby;US
Earl Huckleberry;US
John Hudek;US
Dave Hudgens;US
Jimmy Hudgens;US
Rex Hudler;US
Willis Hudlin;US
Charles Hudson;US
Charlie Hudson;US
Daniel Hudson;US
Hal Hudson;US
Jesse Hudson;US
Joe Hudson;US
Johnny Hudson;US
Kyle Hudson;US
Luke Hudson;US
Nat Hudson;US
Orlando Hudson;US
Rex Hudson;US
Sid Hudson;US
Tim Hudson;US
Frank Huelsman;US
Al Huenke;US
Aubrey Huff;US
David Huff;US
Mike Huff;US
Ben Huffman;US
Chad Huffman;US
Phil Huffman;US
Ed Hug;US
Miller Huggins;US
Bill Hughes;US
Bill Hughes;US
Bobby Hughes;US
Dick Hughes;US
Dusty Hughes;US
Ed Hughes;US
Jared Hughes;US
Jay Hughes;US
Jim Hughes;US
Jim Hughes;US
Joe Hughes;US
Keith Hughes;US
Luke Hughes;US
Mickey Hughes;US
Phil Hughes;US
Rhyne Hughes;US
Roy Hughes;US
Terry Hughes;US
Tom Hughes;US
Tom Hughes;US
Tom Hughes;US
Tom Hughes;US
Tommy Hughes;US
Travis Hughes;US
Vern Hughes;US
Jim Hughey;US
Tex Hughson;US
Emil Huhn;US
Justin Huisman;US
Rick Huisman;US
Mark Huismann;US
Billy Hulen;US
Tim Hulett;US
Tug Hulett;US
Harry Hulihan;US
Eric Hull;US
David Hulse;US
Rudy Hulswitt;US
Hank Hulvey;US
Philip Humber;US
Tom Hume;US
John Hummel;US
Tim Hummel;US
Al Humphrey;US
Byron Humphrey;US
Terry Humphrey;US
Bob Humphreys;US
Mike Humphreys;US
Bert Humphries;US
John Humphries;US
Johnny Humphries;US
Nick Hundley;US
Randy Hundley;US
Todd Hundley;US
Bernie Hungling;US
Bill Hunnefield;US
Ben Hunt;US
Dick Hunt;US
Joel Hunt;US
Ken Hunt;US
Ken Hunt;US
Randy Hunt;US
Ron Hunt;US
Bill Hunter;US
Bill Hunter;US
Billy Hunter;US
Brian Hunter;US
Brian Hunter;US
Buddy Hunter;US
Catfish Hunter;US
Cedric Hunter;US
Eddie Hunter;US
George Hunter;US
Herb Hunter;US
Jim Hunter;US
Lem Hunter;US
Newt Hunter;US
Rich Hunter;US
Tommy Hunter;US
Torii Hunter;US
Willard Hunter;US
Steve Huntz;US
Walt Huntzinger;US
Dave Huppert;US
Tom Hurd;US
Clint Hurdle;US
Dick Hurley;US
Eric Hurley;US
Jerry Hurley;US
Jerry Hurley;US
Bill Hurst;US
Bruce Hurst;US
Don Hurst;US
James Hurst;US
Jimmy Hurst;US
Jonathan Hurst;US
Edwin Hurtado;US
Butch Huskey;US
Jeff Huson;US
Carl Husta;US
Bill Husted;US
Bert Husting;US
Harry Huston;US
Warren Huston;US
Joe Hutcheson;US
Johnny Hutchings;US
Bill Hutchinson;US
Chad Hutchinson;US
Ed Hutchinson;US
Fred Hutchinson;US
Ira Hutchinson;US
Herb Hutson;US
Roy Hutson;US
Jim Hutto;US
Mark Hutton;US
Chris Iannetta;US
Raúl Ibáñez;US
Ham Iburg;US
Ryota Igarashi;US
Kei Igawa;US
José Iglesias;US
Gary Ignasiak;US
Mike Ignasiak;US
Tadahito Iguchi;US
Blaise Ilsley;US
Doc Imlay;US
Pete Incaviglia;US
Alexis Infante;US
Gregory Infante;US
Omar Infante;US
Brandon Inge;US
Bob Ingersoll;US
Scotty Ingerton;US
Joe Inglett;US
Charlie Ingraham;US
Garey Ingram;US
Mel Ingram;US
Riccardo Ingram;US
Bert Inks;US
Jeff Innis;US
Dane Iorg;US
Garth Iorg;US
Happy Iott;US
Hooks Iott;US
Hideki Irabu;US
Hal Irelan;US
Tim Ireland;US
Hernán Iribarren;US
Ed Irvin;US
Monte Irvin;US
Daryl Irvine;US
Arthur Irwin;US
Bill Irwin;US
Charlie Irwin;US
John Irwin;US
Tommy Irwin;US
Walt Irwin;US
Orlando Isales;US
Frank Isbell;US
Kazuhisa Ishii;US
Travis Ishikawa;US
Jason Isringhausen;US
Mike Ivie;US
Akinori Iwamura;US
Hank Izquierdo;US
Hansel Izquierdo;US
César Izturis;US
Maicer Izturis;US
Ray Jablonski;US
Fred Jacklitsch;US
Al Jackson;US
Austin Jackson;US
Bill Jackson;US
Bo Jackson;US
Charlie Jackson;US
Chuck Jackson;US
Conor Jackson;US
Damian Jackson;US
Danny Jackson;US
Darrell Jackson;US
Darrin Jackson;US
Edwin Jackson;US
George Jackson;US
Grant Jackson;US
Henry Jackson;US
Herb Jackson;US
Jim Jackson;US
John Jackson;US
Ken Jackson;US
Larry Jackson;US
Lou Jackson;US
Mike Jackson;US
Mike Jackson;US
Randy Jackson;US
Reggie Jackson ?;US
Ron Jackson;US
Ron Jackson;US
Roy Lee Jackson;US
Ryan Jackson;US
Sam Jackson;US
Shoeless Joe Jackson;US
Sonny Jackson;US
Steven Jackson;US
Travis Jackson ?;US
Zach Jackson;US
Art Jacobs;US
Bucky Jacobs;US
Elmer Jacobs;US
Jake Jacobs;US
Mike Jacobs;US
Mike Jacobs;US
Otto Jacobs;US
Ray Jacobs;US
Spook Jacobs;US
Tony Jacobs;US
Bucky Jacobsen;US
Baby Doll Jacobson;US
Beany Jacobson;US
Merwin Jacobson;US
Larry Jacobus;US
Brook Jacoby;US
Kila Ka'aihue;US
Jim Kaat;US
Jack Kading;US
Jake Kafora;US
Ike Kahdot;US
Nick Kahl;US
Bob Kahle;US
George Kahler;US
Owen Kahn;US
Mike Kahoe;US
Don Kainer;US
Al Kaiser;US
Bob Kaiser;US
Don Kaiser;US
Jeff Kaiser;US
George Kaiserling;US
Charlie Kalbfus;US
Bill Kalfass;US
Frank Kalin;US
Al Kaline ?;US
Ryan Kalish;US
Rudy Kallio;US
Scott Kamieniecki;US
Willie Kamm;US
Bob Kammeyer;US
Ike Kamp;US
Alex Kampouris;US
Frank Kane;US
Harry Kane;US
Jerry Kane;US
Jim Kane;US
John Kane;US
John Kane;US
Tom Kane;US
Rod Kanehl;US
Erv Kantlehner;US
Gabe Kapler;US
