Bud Abell;US
Ray Abruzzese;US
Ken Adamson;US
Tom Addison ;US
Ben Agajanian ;US
Harold Akin;US
Ted Alflen;US
Bruce Alford;US
Don Allard;US
Buddy Allen;US
Chuck Allen;US
Dalva Allen;US
Don Allen;US
George Allen;US
Jackie Allen;US
Jim Allison;US
Buddy Alliston;US
Lance Alworth ;US
Dave Ames;US
Billy Anderson;US
Dick Anderson;US
Max Anderson;US
Ralph Anderson;US
Lou Andrus;US
Houston Antwine ;US
Jim Apple;US
Scott Appleton;US
Fred Arbanas ;US
Dan Archer;US
Ray Armstrong;US
Doug Asad;US
Jack Atchason;US
Bill Atkins;US
Pervis Atkins;US
Al Atkinson;US
Frank Atkinson;US
George Atkinson;US
Joe Auer;US
Hank Autry;US
Ken Avery;US
Joe Avezzano;US
Gene Babb;US
Martin Baccaglio;US
Jay Bachman;US
Teddy Bailey;US
Bill Baird;US
Art Baker;US
Johnny Baker;US
Larry Baker;US
Ralph Baker;US
Pete Banaszak;US
Tony Banfield;US
Estes Banks;US
Al Bansavage;US
Joe Barbee;US
Rudy Barber;US
Stew Barber;US
Charley Barnes;US
Ernie Barnes;US
Larry Barnes;US
Pete Barnes;US
Walt Barnes;US
Bob Barrett;US
Jan Barrett;US
Al Barry;US
Odell Barry;US
Jim Barton;US
Glenn Bass;US
Norm Bass;US
Ted Bates;US
Mike Battle;US
Walter Beach;US
Byron Beams;US
Pete Beathard;US
Al Beauchamp;US
Joe Beauchamp;US
Tom Beer;US
Dave Behrman;US
Tom Beier;US
Jim Beirne;US
Bobby Bell;US
Eddie Bell;US
Henry Bell;US
Joe Bellino;US
George Belotti;US
Ceasar Belser;US
Al Bemiller;US
Phil Bennett;US
Duane Benson;US
Ron Berger;US
Bill Bergey;US
Frank Bernardi;US
Ed Bernet;US
Lee Bernet;US
Royce Berry;US
Elvin Bethea;US
Randy Beverly;US
Verlon Biggs;US
Fred Biletnikoff;US
Rodger Bird;US
Dan Birdwell;US
Joe Biscaha;US
Sonny Bishop;US
Charlie Bivins;US
George Blair;US
George Blanda;US
Sid Blanks;US
Phil Blazer;US
Hubert Bobo;US
Dewey Bohling;US
Johnny Bookman;US
Emerson Boozer;US
Nate Borden;US
Ron Botchan;US
Jim Boudreaux;US
Tommy Boutwell;US
Max Boydston;US
Garland Boyette;US
George Boynton;US
John Boynton;US
Danny Brabham;US
Phil Brady;US
John Bramlett;US
Mel Branch;US
Solomon Brannan;US
Hezekiah Braxton;US
Alex Bravo;US
Don Breaux;US
Bob Breitenstein;US
Jim Brewington;US
Bobby Brezina;US
Bob Briggs;US
Marlin Briscoe;US
Jon Brittenum;US
Bob Brodhead;US
J.W. Brodnax;US
Tom Brooker;US
Bob Brooks;US
Aaron Brown;US
Barry Brown;US
Bill Brown;US
Charley Brown;US
Charlie Brown;US
Don Brown;US
Doug Brown;US
Fred Brown;US
Hardy Brown;US
Paul Brown;US
Willie Brown;US
Charlie Browning;US
Claude Brownlee;US
Dick Brubaker;US
Charlie Brueckman;US
Bob Bruggers;US
Sam Brunelli;US
Fred Bruney;US
Bob Bryant;US
Buck Buchanan;US
Tim Buchanan;US
Tom Buckman;US
Ed Budde;US
Bill Budness;US
Tom Budrewicz;US
George Buehler;US
Gary Bugenhagen;US
Drew Buie;US
Fred Bukaty;US
Frank Buncom;US
Nick Buoniconti;US
Jerry Burch;US
Chris Burford;US
Bobby Burnett;US
Ode Burrell;US
Leon Burton;US
Ron Burton;US
Gerry Bussell;US
Bob Butler;US
Bernie Buzyniski;US
George (Butch) Byrd;US
John Cadwell;US
Johnny Cagle;US
Dan Callahan;US
Jim Campbell;US
Ken Campbell;US
Stan Campbell;US
Woody Campbell;US
Justin Canale;US
Whit Canale;US
Joe Cannavino;US
Billy Cannon;US
Bob Cappadona;US
Gino Cappelletti;US
Wray Carlton;US
Al Carmichael;US
Paul Carmichael;US
Reg Carolan;US
Don Carothers;US
Ken Carpenter;US
Preston Carpenter;US
Levert Carr;US
John Carrell;US
Ed Carrington;US
Jim Carroll;US
Johnny Carson;US
Kern Carson;US
Larry Carwell;US
Rick Casares;US
Tim Casey;US
John Cash;US
Tom Cassese;US
Carmen Cavalli;US
Ronnie Caveness;US
Grady Cavness;US
Dan Chamberlain;US
Edgar Chandler;US
John Charles;US
Carl Charon;US
B.W. Cheeks;US
Don Chelf;US
George Chesser;US
Jim Cheyunski;US
Ed Chlebek;US
Max Choboian;US
Steve Chomyszak;US
Dick Chorovich;US
Dick Christy;US
Earl Christy;US
Don Churchwell;US
Tom Cichowski;US
Jack Clancy;US
Howard Clark;US
Hagood Clarke;US
Bobby Clatterbuck;US
Doug Cline;US
Dave Cloutier;US
Bert Coan;US
Gene Cockrell;US
Don Coffey;US
Abe Cohen;US
Jim Colclough;US
Fred Cole;US
Al Coleman;US
J.C. Collins;US
Ray Collins;US
Dick Compton;US
Dan Conners;US
Greg Cook;US
Ed Cooke;US
Bob Coolbaugh;US
Thurlow Cooper;US
Jim Corcoran;US
Olie Cordill;US
Walt Corey;US
Jerry Cornelison;US
Bruce Coslet;US
Dave Costa;US
Paul Costa;US
Jim Cox;US
Larry Cox;US
Eric Crabtree;US
Dobie Craig;US
Gary Crane;US
Paul Crane;US
Hilton Crawford;US
Jim Crawford;US
Ken Criter;US
Bobby Crockett;US
Monte Crockett;US
Bill Cronin;US
Bobby Cross;US
Jim Crotty;US
Jake Crouthamel;US
Al Crow;US
Wayne Crow;US
Harry Crump;US
Doug Crusan;US
Larry Csonka;US
Walt Cudzik;US
Curley Culp;US
Ed Culpepper;US
Ed Cummings;US
Carl Cunningham;US
Dick Cunningham;US
Jay Cunningham;US
Mike Current;US
Gary Cutsinger;US
Frank D'Agostino;US
Mike D'Amato;US
Bill Danenhauer;US
Eldon Danenhauer;US
George Daney;US
Clem Daniels;US
Dave Daniels;US
Bill Darnall;US
Dan Darragh;US
Ben Davidson;US
Cotton Davidson;US
Pete Davidson;US
Bob Davis;US
Dick Davis;US
Jack Davis;US
Jack J. Davis;US
Marvin Davis;US
Bill Dawson;US
Len Dawson;US
Al Day;US
Tom Day;US
Bob Dee;US
Nick DeFelice;US
Dick Degen;US
Steve DeLong;US
Sam DeLuca;US
Gerry DeLucca;US
Guy Dennis;US
Al Denson;US
John Denvir;US
Don Deskins;US
Wayne DeSutter;US
Chuck DeVliegher;US
Willard Dewveall;US
Bill Diamond;US
Charley Diamond;US
Eldridge Dickey;US
Wallace Dickey;US
Bo Dickinson;US
John Diehl;US
Tony DiMidio;US
Tom Dimitroff;US
Tom Dimmick;US
Tony Discenzo;US
John Dittrich;US
Joe DiVito;US
Hewritt Dixon;US
Oliver Dobbins;US
John Dockery;US
Leon Dombrowski;US
Marty Domres;US
Tom Domres;US
Gene Donaldson;US
Roger Donnahoo;US
Ben Donnell;US
Al Dorow;US
Dick Dorsey;US
Al Dotson;US
Bob Dougherty;US
John H. Douglas;US
Dick Doyle;US
Elbert Drungo;US
Elbert Dubenion;US
Mitch Dudek;US
Mike Dukes;US
Jim Dunaway;US
Randy Duncan;US
Rick Duncan;US
Speedy Duncan;US
Charlie Dupre;US
Pete Duranko;US
Ken Dyer;US
John Eason;US
Rick Eber;US
Booker Edgerson;US
Randall Edmunds;US
Lloyd Edwards;US
Jim Eifrid;US
Mike Eischeid;US
Larry Eisenhauer;US
Larry Elkins;US
John Elliott;US
Roger Ellis;US
Paul Elzey;US
Frank Emanuel;US
John Embree;US
Hunter Enis;US
Bill Enyart;US
Pat Epperson;US
Bernie Erickson;US
Tom Erlandson;US
Terry Erwin;US
Don Estes;US
Bob Evans;US
Dale Evans;US
Jim Evans;US
Norm Evans;US
Bill Fairband;US
Earl Faison;US
Stan Fanning;US
Dick Farley;US
Lonnie Farmer;US
Miller Farr;US
Curt Farrier;US
Joe Farrier;US
John Farris;US
Staley Faulkner;US
Paul Feldhausen;US
Dick Felt;US
Ralph Felton;US
Lane Fenner;US
Charley Ferguson;US
Gene Ferguson;US
Howie Ferguson;US
Manny Fernandez;US
Orlando Ferrante;US
Howard Fest;US
Jim Fetherston;US
Dan Ficca;US
George Fields;US
Jerry Fields;US
Garry Finneran;US
Roger Finnie;US
George Fleming;US
Billy Fletcher;US
George Flint;US
Tom Flores;US
Charlie Flowers;US
Don Floyd;US
Don Flynn;US
Wayne Fontes;US
Fred Ford;US
Garrett Ford;US
Fred Forsberg;US
Gene Foster;US
Sid Fournet;US
Bobby Fowler;US
Charlie Fowler;US
Jerry Fowler;US
Willmer Fowler;US
Jason Franci;US
Jack Frantz;US
Jim Fraser;US
Al Frazier;US
Charley Frazier;US
Curt Frazier;US
Wayne Frazier;US
Willie Frazier;US
Dick Frey;US
John Frongillo;US
Andy Fuller;US
Charley Fuller;US
Tom Funchess;US
Jim Furey;US
Tom Fussell;US
George Gaiser;US
Bob Gaiters;US
Chon Gallegos;US
R.C. Gamble;US
Bob Garner;US
Carl Garrett;US
Drake Garrett;US
J.D. Garrett;US
Mike Garrett;US
Gary Garrison;US
Larry Garron;US
Chuck Gavin;US
Jack Gehrke;US
Roy Gerela;US
Claude Gibson;US
Cookie Gilchrist;US
Fred Gillett;US
Jon Gilliam;US
Scotty Glacken;US
Bob Gladieux;US
Glenn Glass;US
Howard Glenn;US
Freddy Glick;US
Gary Glick;US
Art Gob;US
George Goeddeke;US
Pete Gogolak;US
Alan Goldstein;US
Austin Gonsoulin;US
John Gonzaga;US
Tom Good;US
Tom Goode;US
Doug Goodwin;US
Bobby Gordon;US
Cornell Gordon;US
Gene Grabosky;US
Garry Grady;US
Art Graham;US
Kenny Graham;US
Milt Graham;US
Rufus Granderson;US
Hoyle Granger;US
Larry Grantham;US
Willie Grate;US
White Graves;US
Jim Gray;US
Moses Gray;US
Dave Grayson;US
Gary Greaves;US
Charlie Green;US
Jerry Green;US
Johnny Green;US
Ted Greene;US
Tom Greene;US
Charlie Greer;US
Jim Greer;US
Ben Gregory;US
Ken Gregory;US
Bob Griese;US
Jim Griffin;US
John Griffin;US
Bill Groman;US
George Gross;US
Lee Grosscup;US
Sam Gruneisen;US
Pat Gucciardo;US
Dick Guesman;US
Paul Guidry;US
John Guillory;US
Don Gulseth;US
Harry Gunner;US
Buzz Guy;US
Louis Guy;US
John Guzik;US
John Hadl;US
Mike Haffner;US
Roger Hagberg;US
Mac Haik;US
Galen Hall;US
Ken Hall;US
Ron Hall;US
Kim Hammond;US
Charley Hardy;US
Ed Harmon;US
Darrell Harper;US
Jack Harper;US
Dick Harris;US
James Harris;US
Jim Harris;US
Jimmy Harris;US
John Harris;US
Pete Hart;US
Jim Harvey;US
Waddey Harvey;US
Johnny Hatley;US
Art Hauser;US
Wayne Hawkins;US
Jim Hayes;US
Luther Hayes;US
Ray Hayes;US
Wendell Hayes;US
Abner Haynes;US
Sherrill Headrick;US
Don Healy;US
Gene Heeter;US
Don Heinrich;US
Bob Heinz;US
Jerry Helluin;US
James Helzberg;US
Karl Henke;US
Carey Henley;US
Tom Hennessey;US
Charlie Hennigan;US
Dan Henning;US
Bill Herchman;US
Joe Hergert;US
Dave Herman;US
Dick Hermann;US
Don Herndon;US
Ken Herock;US
George Herring;US
Mike Hibler;US
Bo Hickey;US
W.K. Hicks;US
Jim Higgins;US
Walter Highsmith;US
Dave Hill;US
Jack Hill;US
Jim Hill;US
Jimmy Hill;US
Mack Lee Hill;US
Winston Hill;US
Glen Ray Hines;US
Jimmy Hines;US
Dalton Hoffman;US
Jon Hohman;US
Al Hoisington;US
Gus Hollomon;US
Johnny Holmes;US
Pat Holmes;US
Robert Holmes;US
E.J. Holub;US
Gordy Holz;US
Harry Hooligan;US
Jerry Hopkins;US
Roy Hopkins;US
Roy Hord;US
Bob Horton;US
Ken Houston;US
Bobby Howard;US
Bobby Howfield;US
John Huard;US
John Huarte;US
Marv Hubbard;US
Brad Hubbert;US
Floyd Hudlow;US
Mike Hudock;US
Bill Hudson;US
Bob Hudson;US
Dick Hudson;US
Jim Hudson;US
Gene Huey;US
Bill Hull;US
Buddy Humphrey;US
Bob Humphreys;US
Bobby Hunt;US
Jim Lee Hunt;US
Billy Hunter;US
Chuck Hurston;US
Ed Husmann;US
Paul Hynes;US
Cosmo Iacavazzi;US
Ray Ilg;US
Jerry Inman;US
Peter Iskandar;US
Bob Jackson;US
Charlie Jackson;US
Frank Jackson;US
Rich Jackson;US
Frank Jackunas;US
Harry Jacobs;US
Proverb Jacobs;US
Ray Jacobs;US
Jack Jacobson;US
Harry Jagielski;US
Robert James;US
Dick Jamieson;US
Al Jamison;US
Bobby Jancik;US
Charlie Janerette;US
Tom Janik;US
Pete Jaquess;US
Jon Jelacic;US
Luther Jeralds;US
Bill Jessup;US
Gene Jeter;US
Billy Joe;US
Pete Johns;US
Billy Johnson;US
Bob Johnson;US
Curley Johnson;US
Daryl Johnson;US
Dick Johnson;US
Ellis Johnson;US
Essex Johnson;US
Jack Johnson;US
Jim Johnson;US
Joe Johnson;US
John Henry Johnson;US
Preston Johnson;US
Rich Johnson;US
Mark Johnston;US
Stone Johnson;US
Charlie Joiner;US
Curtis Jones;US
Ezell Jones;US
Gene Jones;US
Henry Jones;US
Jimmy Jones;US
Jimmy Jones;US
Jimmy Jones;US
Willie Jones;US
Willie Jones;US
Larry Jordan;US
Bob Joswick;US
Don Joyce;US
L.C. Joyner;US
Fred Julian;US
Karl Kaimer;US
Bob Kalsu;US
Larry Kaminski;US
Emil Karas;US
Joe Katchik;US
Jim Kearney;US
Bill Keating;US
Tom Keating;US
Val Keckin;US
Rex Keeling;US
Ed Kelley;US
Mike Kellogg;US
Bob Kelly;US
Jack Kemp;US
Charlie Kempinski;US
Charlie Kendall;US
John Kenerson;US
Greg Kent;US
Randy Kerbow;US
Bob Keyes;US
Jimmy Keyes;US
Ed Khayat;US
Jim Kiick;US
Bill Kimber;US
Billy Kinard;US
Keith Kinderman;US
Howard Kindig;US
Bill Kindricks;US
Charley King;US
Claude King;US
Don King;US
Henry King;US
Tony King;US
George Kinney;US
Gary Kirner;US
Dick Klein;US
Jack Klotz;US
Roger Kochman;US
Dave Kocourek;US
John Kompara;US
Bob Konovsky;US
Ed Koontz;US
Ed Kovac;US
Walt Kowalczyk;US
Joe Krakoski;US
Karl Kremser;US
Bill Krisher;US
Alex Kroll;US
Gary Kroner;US
Bob Kruse;US
Ray Kubala;US
Frank Kuchta;US
Joe Kulbacki;US
Ernie Ladd;US
Mack Lamb;US
Ron Lamb;US
Gordon Lambert;US
Pat Lamberti;US
Pete Lammons;US
Daryle Lamonica;US
Bobby Lane;US
Willie Lanier;US
Dan Lanphear;US
Bob Laraba;US
Jack Laraway;US
Dan LaRose;US
Carl Larpenter;US
Jack Larscheid;US
Bill Larson;US
Paul Larson;US
Bill Laskey;US
Ike Lassiter;US
Paul Latzke;US
Al Lawson;US
Jerome Lawson;US
Jim LeClair;US
Roger LeClerc;US
Monte Ledbetter;US
Bob Lee;US
Jacky Lee;US
Max Leetzow;US
Jim LeMoine;US
Bill Lenkaitis;US
Jack Lentz;US
Bobby Leo;US
Charley Leo;US
Cecil Leonard;US
Darrell Lester;US
Cotton Letner;US
Jerry Levias;US
Hal Lewis;US
Hal Lewis;US
Sherman Lewis;US
Keith Lincoln;US
Paul Lindquist;US
Hub Lindsey;US
Peter Liske;US
Floyd Little ;US
Larry Little;US
Dale Livingston;US
Mike Livingston;US
Walt Livingston;US
Billy Locklin;US
Oscar Lofton;US
Mike London;US
Charlie Long;US
Mike Long;US
Sam Longmire;US
Dean Look;US
Ed Lothamer;US
Billy Lott;US
Rommie Loudd;US
Tom Louderback;US
Angelo Loukas;US
Paul Lowe;US
Richie Lucas;US
Tommy Luke;US
Booth Lusteg;US
Fran Lynch;US
Jim Lynch;US
Dee Mackey;US
Jacque MacKinnon;US
Eddie Macon;US
John Maczuzak;US
Paul Maguire;US
Billy Majors;US
John Mangum;US
Pete Mangum;US
Don Manoukian;US
Bobby Maples;US
Ed Marcontell;US
Marv Marinovich;US
Bob Marques;US
Jim Marsalis;US
Aaron Marsh;US
Frank Marsh;US
Blanche Martin;US
Bill Mathis;US
Pat Matson;US
Archie Matsos;US
Jack Mattox;US
Marv Matuszak;US
Doug Mayberry;US
Ben Mayes;US
Don Maynard;US
Jerry Mays;US
Bob McAdams;US
Carl McAdams;US
Mike McBath;US
Norm McBride;US
Richie McCabe;US
Ed McCall;US
Ron McCall;US
Brendan McCarthy;US
Mickey McCarty;US
Curtis McClinton;US
Kent McCloughan;US
Wayne McClure;US
Don McComb;US
John McCormick;US
Lloyd McCoy;US
Dale McCullers;US
Bob McCullough;US
Jim McCusker;US
Wahoo McDaniel;US
Gary McDermott;US
Ron McDole;US
Don McDonald;US
Gerry McDougall;US
Bud McFadin;US
Nyle McFarlane;US
George McGee;US
John McGeever;US
Dan McGrew;US
Don McKinnon;US
James A. McKinstry;US
Bob McLeod;US
Art McMahon;US
Jim McMillin;US
John McMullan;US
Chuck McMurtry;US
Bob McNamara;US
Charlie McNeil;US
Warren McVea;US
Ed Meixler;US
Mario Mendez;US
Mike Mercer;US
Dudley Meredith;US
Jim Mertens;US
Curt Merz;US
Ed Meyer;US
John Meyer;US
Rich Michael;US
Walt Michaels;US
Dave Middendorf;US
Pete Mikolajewski;US
John Milks;US
Alan Miller;US
Bill Miller;US
Bill Miller;US
Pete Mills;US
Charley Milstead;US
Gene Mingo;US
Tom Minter;US
Rex Mirich;US
Bob Mischak;US
Charley Mitchell;US
Ed Mitchell;US
Leroy Mitchell;US
Stan Mitchell;US
Tom Mitchell;US
Willie Mitchell;US
Bob Mitinger ;US
Ron Mix;US
Mel Montalbo;US
Mike Montler;US
Alex Moore;US
Fred Moore;US
Leroy Moore;US
Zeke Moore;US
Mo Moorman;US
Doug Moreau;US
Fran Morelli;US
Dennit Morris;US
Jon Morris;US
Mercury Morris;US
Tom Morrow;US
Haven Moses;US
Rich Mostardi;US
Bobby Moten;US
Ed Muelhaupt;US
Horst Muhlmann;US
Nick Mumley;US
Lloyd Mumphord;US
Jesse Murdock;US
Bill Murphy;US
Chip Myers;US
Chip Myrtle;US
Joe Namath;US
Jim Nance;US
Walter Napier;US
Bob Neff;US
John Neidert;US
Billy Neighbors;US
Benny Nelson;US
Ron Nery;US
Tom Neumann;US
Tom Neville;US
Steve Newell;US
Bobby Nichols;US
Mike Nichols;US
Pete Nicklas;US
Doyle Nix;US
John Nocera;US
George Nock;US
Tom Nomina;US
Karl Noonan;US
Jim Norris;US
Don Norton;US
Jim Norton;US
Rick Norton;US
Joe Novsek;US
Phil Nugent;US
Julian Nunamaker;US
R.B. Nunnery;US
Don Oakes;US
Carleton Oats;US
Tom Oberg;US
Tommy O'Connell;US
Sammy Odom;US
Joe O'Donnell;US
Dave Ogas;US
Paul Oglesby;US
Ross O'Hanley;US
Chip Oliver;US
Harold Olson;US
Johnny Olszewski;US
Jim O'Mahoney;US
Steve O'Neal;US
Bob O'Neil;US
Larry Onesti;US
Clancy Osborne;US
Gus Otto;US
Jim Otto;US
John Outlaw;US
Terry Owens;US
Joe Pagliei;US
Sam Palumbo;US
Nick Papac;US
Vito (Babe) Parilli;US
Ernie Park;US
Charlie Parker;US
Willie Parker;US
Bernie Parrish;US
Dennis Partee;US
Bill Pashe;US
Alan Pastrana;US
Herb Paterra;US
Wayne Patrick;US
Dainard Paulson;US
Johnny Peacock;US
Willie Pearson;US
Tom Pennington;US
Bill Perkins;US
Jim Perkins;US
Willis Perkins;US
Phil Perlo;US
Pete Perreault;US
Anton Peters;US
Frank Peters;US
Volney Peters;US
Bill Peterson;US
Bob Petrella;US
Bob Petrich;US
Gerry Philbin;US
Jess Phillips;US
Ed Philpott;US
Frank Pitts;US
Hugh Pitts;US
John Pitts;US
Dave Pivec;US
Dave Plump;US
Sherman Plunkett;US
Bobby Ply;US
Ed Podolak;US
Bob Poole;US
Willie Porter;US
Dickie Post;US
Art Powell;US
Charley Powell;US
Jesse Powell;US
Warren Powers;US
Gene Prebola;US
Jim Price;US
Sam Price;US
Billy Pricer;US
Bob Print;US
Errol Prisby;US
Ron Pritchard;US
Remi Prudhomme;US
Barry Pryor;US
Vic Purvis;US
Jack Pyburn;US
John Pyeatt;US
Palmer Pyle;US
George Pyne;US
Frank Quayle;US
Jeff Queen;US
Steve Quinn;US
Warren Rabb;US
Bill Rademacher;US
Dennis Randall;US
Randy Rasmussen;US
Ray Ratkowski;US
Bert Rechichar;US
Rick Redman;US
Alvin Reed;US
Leo Reed;US
Roy Reeves;US
Tom Regner;US
Bob Reifsnyder;US
Dennis Remmert;US
Bob Renn;US
Larry Rentz;US
Ron Rewald;US
Al Reynolds;US
Billy Reynolds;US
M. C. Reynolds;US
Andy Rice;US
George Rice;US
Ken Rice;US
Ray Rice;US
Jim Richards;US
Perry Richards;US
Al Richardson;US
Bob Richardson;US
Gloster Richardson;US
Jeff Richardson;US
Jesse Richardson;US
John Richardson;US
Mike Richardson;US
Pete Richardson;US
Tom Richardson;US
Mike Richey;US
Frank Richter;US
Houston Ridge;US
Preston Ridlehuber;US
Charley Rieves;US
Jim Riley;US
Ken Riley;US
Lee Riley;US
Ray Rissmiller;US
Hank Rivera;US
Paul Rochester;US
Bo Roberson;US
Archie Roberts;US
Cliff Roberts;US
Bob Robertson;US
Bill Robinson;US
Jerry Robinson;US
Johnny Robinson;US
Paul Robinson;US
Frank Robotti;US
Paul Rochester ;US
Tobin Rote;US
John Roderick;US
Herb Roedel;US
Bill Roehnelt;US
Don Rogers;US
Dave Rolle;US
Hatch Rosdahl;US
Dave Ross;US
Willie Ross;US
Tobin Rote;US
Justin Rowland;US
Bob Rowley;US
Karl Rubke;US
Jack Rudolph;US
Marion Rushing;US
Benny Russell;US
Charlie Rutkowski;US
Ed Rutkowski;US
Joe Ryan;US
Tom Rychlec;US
Tom Saidock;US
George Saimes;US
Len Saint Jean;US
Johnny Sample;US
Rick Sapienza;US
Tony Sardisco;US
Dan Sartin;US
Doug Satcher;US
George Sauer, Jr.;US
Jimmy Saxton;US
Ron Sayers;US
Ron Sbranti;US
Bob Scarpitto;US
Joe Schaffer;US
Maury Schleicher;US
Ray Schmautz;US
Jim Schmedding;US
Bob Schmidt;US
Henry Schmidt;US
John Schmitt;US
Mike Schnitker;US
Marty Schottenheimer;US
Harry Schuh;US
Gerhard Schwedes;US
Bob Schweikert;US
Bill Scott;US
Clarence Scott;US
John Scott;US
Lew Scott;US
Bob Scrabis;US
Ed Scrutchins;US
Jim Sears;US
Bob Sedlock;US
Paul Seiler;US
Larry Seiple;US
Gene Selawski;US
Goldie Sellers;US
Ron Sellers;US
Tom Sestak ;US
Don Shackleford;US
Billy Shaw;US
George Shaw;US
Glenn Shaw;US
Pat Shea;US
Art Shell;US
Rod Sherman;US
Tom Sherman;US
George Shirkey;US
Bill Shockley;US
Chuck Shonta;US
John Simerson;US
Arnie Simkus;US
Leon Simmons;US
Jackie Simpson;US
O. J. Simpson;US
Willie Simpson;US
Karl Singer;US
John Sklopan;US
Mickey Slaughter;US
Richard Sligh;US
Tom Smiley;US
Allen Duncan Smith;US
Allen Tyrone Smith;US
Bob Smith;US
Bobby Smith;US
Carl Smith;US
Charlie Smith;US
Dan Smith;US
Dave Smith;US
Don Smith;US
Fletcher Smith;US
Hal Smith;US
J. D. James D. Smith;US
Jimmy Smith;US
Noland Smith;US
Paul Smith;US
Russ Smith;US
Tommie Smith;US
Wilie Smith;US
Mark Smolinski;US
Matt Snell;US
Matt Snorton;US
Al Snyder;US
Bob Soltis;US
Mike Sommer;US
Butch Songin;US
Jim Sorey;US
Henry Sorrell;US
Dick Speights;US
Julian Spence;US
Ollie Spencer;US
Jack Spikes;US
Phil Spiller;US
Len St. Jean;US
Jeff Staggs;US
Jerry Stalcup;US
Bill Staley;US
Bill Stanfill;US
Marshall Starks;US
Bob Stein;US
Jan Stenerud;US
Harold Stephens;US
Tom Stephens;US
Kay Stephenson;US
Wayne Stewart;US
Jim Stinnette;US
Carel Stith;US
John Stofa;US
Jesse Stokes;US
Donnie Stone;US
Jack Stone;US
Rich Stotter;US
Smokey Stover;US
Art Strahan;US
Bob Stransky;US
Mike Stratton;US
Tony Stricker;US
Dave Strickland;US
Bill Striegel;US
Mike Stromberg;US
Morris Stroud;US
George Strugar;US
Jerry Sturm;US
Bob Suci;US
Walter Suggs;US
Jim Summers;US
Mickey Sutton;US
Bob Svihus;US
Terry Swanson;US
Dick Swatland;US
Neal Sweeney;US
Walt Sweeney;US
Jim Swink;US
Gene Sykes;US
Bob Talamini;US
Mike Taliaferro;US
George Tarasovic;US
Jerry Tarr;US
Carl Taseff;US
Bob Tatarek;US
Lion Taylor;US
Otis Taylor;US
Sammie Taylor;US
Steve Tensi;US
Tony Teresa;US
Marvin Terrell;US
Corky Tharp;US
Jim Thibert;US
Emmitt Thomas;US
Gene Thomas;US
Jesse Thomas;US
Speedy Thomas;US
Bill Thompson;US
Jim Thompson;US
Steve Thompson;US
Art Thoms;US
Bubba Thornton;US
Jack Thornton;US
Jim Tiller;US
Dave Tobey;US
Bill Tobin;US
Larry Todd;US
Charlie Tolar;US
Jim Tolbert;US
Ed Toner;US
LaVerne Torczon;US
Bobby Towns;US
John Tracey;US
Allen Trammell;US
Richard Trapp;US
Orville Trask;US
Herb Travenio;US
John Travis;US
Jerry Traynham;US
Frank Tripucka;US
Gene Trosch;US
Dalton Truax;US
Don Trull;US
Bob Trumpy;US
Gary Tucker;US
Phil Tuckett;US
Bake Turner;US
Clem Turner;US
Jim Turner;US
Vince Turner;US
Howard Twilley;US
Jim Tyrer;US
Dick Tyson;US
Olen Underwood;US
Gene Upshaw;US
Jim Urbanek;US
Herm Urenda;US
Vern Valdez;US
Billy Van Heusen;US
Dick Van Raaphorst;US
Bob Vaughan;US
Theo Viltz;US
Bob Voight;US
Jim Wagstaff;US
Loyd Wainscott;US
Clarence Walker;US
Wayne Walker;US
Henry Wallace;US
Ron Waller;US
Fred Wallner;US
Ed Walsh;US
Sam Walton;US
Hal Wantland;US
Ernie Warlick;US
Charley Warner;US
Dewey Warren;US
Jimmy Warren;US
Ron Warzeka;US
Clyde Washington;US
Dave E. Washington;US
Dick Washington;US
Russ Washington;US
Jim Waskiewicz;US
Dave Watson;US
Ed Watson;US
Bob Watters;US
Don Webb;US
Dave Webster;US
George Webster;US
Bill Wegener;US
Ted Wegert;US
Sammy Weir;US
Ed Weisacosky;US
Billy Wells;US
Bob Wells;US
Warren Wells;US
Bob Werl;US
Dave West;US
Mel West;US
Willie West;US
Dick Westmoreland;US
Max Wettstein;US
Jim Whalen;US
Hogan Wharton;US
Manch Wheeler;US
Andre White;US
Bob White;US
Gene White;US
Harvey White;US
John White;US
Lee White;US
Bud Whitehead;US
Hall Whitley;US
Nat Whitmyer;US
Bert Wilder;US
Howie Williams;US
Monk Williams;US
Jim Williams;US
Maxie Williams;US
Wandy Williams;US
Willie Williams;US
Fred Williamson;US
J. R. Williamson;US
Eddie Wilson;US
George Wilson;US
Jerrel Wilson;US
Mike Wilson;US
Nemiah Wilson;US
Gary Wisener;US
Al Witcher;US
Mel Witt;US
John Wittenborn;US
Wayne Wolff;US
Royce Womble;US
Bill Wood;US
Dick Wood;US
Duane Wood;US
Al Woodall;US
Glenn Woods;US
Freddie Woodson;US
Junior Wren;US
Ernie Wright;US
Gordon Wright;US
Jim Wright;US
Lonnie Wright;US
Sam Wyche;US
John Yaccino;US
Bob Yates;US
Bill Yearby;US
Bill Yelverton;US
Tom Yewcic;US
Dave Yohn;US
Mack Yoho;US
Bob Young;US
Joe Young;US
Sid Youngelman;US
Frank Youso;US
Paul Zaeske;US
Carrol Zaruba;US
Rich Zecher;US
Bob Zeman;US
